[ {
  "duration" : 0.05329200625419617,
  "eventName" : "sdk:pre-test",
  "startTime" : 8.4645308091291E7,
  "success" : true,
  "worker" : 1,
  "failure" : null,
  "details" : null,
  "entryType" : "measure",
  "platform" : 0,
  "command" : null,
  "testName" : null,
  "hookType" : "",
  "cli" : false
}, {
  "duration" : 0.019290998578071594,
  "eventName" : "sdk:post-test",
  "startTime" : 8.4670250566625E7,
  "success" : true,
  "worker" : 1,
  "failure" : null,
  "details" : null,
  "entryType" : "measure",
  "platform" : 0,
  "command" : null,
  "testName" : null,
  "hookType" : "",
  "cli" : false
}, {
  "duration" : 0.06254202127456665,
  "eventName" : "sdk:pre-test",
  "startTime" : 4.33534033003708E8,
  "success" : true,
  "worker" : 1,
  "failure" : null,
  "details" : null,
  "entryType" : "measure",
  "platform" : 0,
  "command" : null,
  "testName" : null,
  "hookType" : "",
  "cli" : false
}, {
  "duration" : 0.023958027362823486,
  "eventName" : "sdk:post-test",
  "startTime" : 4.33542553006583E8,
  "success" : true,
  "worker" : 1,
  "failure" : null,
  "details" : null,
  "entryType" : "measure",
  "platform" : 0,
  "command" : null,
  "testName" : null,
  "hookType" : "",
  "cli" : false
}, {
  "duration" : 0.05050003528594971,
  "eventName" : "sdk:pre-test",
  "startTime" : 4.3360778201675E8,
  "success" : true,
  "worker" : 1,
  "failure" : null,
  "details" : null,
  "entryType" : "measure",
  "platform" : 0,
  "command" : null,
  "testName" : null,
  "hookType" : "",
  "cli" : false
}, {
  "duration" : 0.006041049957275391,
  "eventName" : "sdk:post-test",
  "startTime" : 4.33631724104E8,
  "success" : true,
  "worker" : 1,
  "failure" : null,
  "details" : null,
  "entryType" : "measure",
  "platform" : 0,
  "command" : null,
  "testName" : null,
  "hookType" : "",
  "cli" : false
}, {
  "duration" : 0.04520803689956665,
  "eventName" : "sdk:pre-test",
  "startTime" : 4.33683037566583E8,
  "success" : true,
  "worker" : 1,
  "failure" : null,
  "details" : null,
  "entryType" : "measure",
  "platform" : 0,
  "command" : null,
  "testName" : null,
  "hookType" : "",
  "cli" : false
}, {
  "duration" : 0.01558297872543335,
  "eventName" : "sdk:post-test",
  "startTime" : 4.33734693772E8,
  "success" : true,
  "worker" : 1,
  "failure" : null,
  "details" : null,
  "entryType" : "measure",
  "platform" : 0,
  "command" : null,
  "testName" : null,
  "hookType" : "",
  "cli" : false
}, {
  "duration" : 0.050999999046325684,
  "eventName" : "sdk:pre-test",
  "startTime" : 4.3376450134725E8,
  "success" : true,
  "worker" : 1,
  "failure" : null,
  "details" : null,
  "entryType" : "measure",
  "platform" : 0,
  "command" : null,
  "testName" : null,
  "hookType" : "",
  "cli" : false
}, {
  "duration" : 0.025916993618011475,
  "eventName" : "sdk:post-test",
  "startTime" : 4.33816325593458E8,
  "success" : true,
  "worker" : 1,
  "failure" : null,
  "details" : null,
  "entryType" : "measure",
  "platform" : 0,
  "command" : null,
  "testName" : null,
  "hookType" : "",
  "cli" : false
}, {
  "duration" : 0.054624974727630615,
  "eventName" : "sdk:pre-test",
  "startTime" : 4.34097531632125E8,
  "success" : true,
  "worker" : 1,
  "failure" : null,
  "details" : null,
  "entryType" : "measure",
  "platform" : 0,
  "command" : null,
  "testName" : null,
  "hookType" : "",
  "cli" : false
}, {
  "duration" : 0.01325005292892456,
  "eventName" : "sdk:post-test",
  "startTime" : 4.34178674971208E8,
  "success" : true,
  "worker" : 1,
  "failure" : null,
  "details" : null,
  "entryType" : "measure",
  "platform" : 0,
  "command" : null,
  "testName" : null,
  "hookType" : "",
  "cli" : false
}, {
  "duration" : 0.045207977294921875,
  "eventName" : "sdk:pre-test",
  "startTime" : 4.34292022542333E8,
  "success" : true,
  "worker" : 1,
  "failure" : null,
  "details" : null,
  "entryType" : "measure",
  "platform" : 0,
  "command" : null,
  "testName" : null,
  "hookType" : "",
  "cli" : false
}, {
  "duration" : 0.022417008876800537,
  "eventName" : "sdk:post-test",
  "startTime" : 4.34381017330791E8,
  "success" : true,
  "worker" : 1,
  "failure" : null,
  "details" : null,
  "entryType" : "measure",
  "platform" : 0,
  "command" : null,
  "testName" : null,
  "hookType" : "",
  "cli" : false
}, {
  "duration" : 0.05387502908706665,
  "eventName" : "sdk:pre-test",
  "startTime" : 4.34581675805291E8,
  "success" : true,
  "worker" : 1,
  "failure" : null,
  "details" : null,
  "entryType" : "measure",
  "platform" : 0,
  "command" : null,
  "testName" : null,
  "hookType" : "",
  "cli" : false
}, {
  "duration" : 0.0059999823570251465,
  "eventName" : "sdk:post-test",
  "startTime" : 4.3465626479E8,
  "success" : true,
  "worker" : 1,
  "failure" : null,
  "details" : null,
  "entryType" : "measure",
  "platform" : 0,
  "command" : null,
  "testName" : null,
  "hookType" : "",
  "cli" : false
}, {
  "duration" : 0.04987502098083496,
  "eventName" : "sdk:pre-test",
  "startTime" : 4.34966004978291E8,
  "success" : true,
  "worker" : 1,
  "failure" : null,
  "details" : null,
  "entryType" : "measure",
  "platform" : 0,
  "command" : null,
  "testName" : null,
  "hookType" : "",
  "cli" : false
}, {
  "duration" : 0.013375043869018555,
  "eventName" : "sdk:post-test",
  "startTime" : 4.35046125858916E8,
  "success" : true,
  "worker" : 1,
  "failure" : null,
  "details" : null,
  "entryType" : "measure",
  "platform" : 0,
  "command" : null,
  "testName" : null,
  "hookType" : "",
  "cli" : false
}, {
  "duration" : 0.05354100465774536,
  "eventName" : "sdk:pre-test",
  "startTime" : 4.3527833782725E8,
  "success" : true,
  "worker" : 1,
  "failure" : null,
  "details" : null,
  "entryType" : "measure",
  "platform" : 0,
  "command" : null,
  "testName" : null,
  "hookType" : "",
  "cli" : false
}, {
  "duration" : 0.0086669921875,
  "eventName" : "sdk:post-test",
  "startTime" : 4.35361704850208E8,
  "success" : true,
  "worker" : 1,
  "failure" : null,
  "details" : null,
  "entryType" : "measure",
  "platform" : 0,
  "command" : null,
  "testName" : null,
  "hookType" : "",
  "cli" : false
}, {
  "duration" : 0.04749995470046997,
  "eventName" : "sdk:pre-test",
  "startTime" : 4.35537715856791E8,
  "success" : true,
  "worker" : 1,
  "failure" : null,
  "details" : null,
  "entryType" : "measure",
  "platform" : 0,
  "command" : null,
  "testName" : null,
  "hookType" : "",
  "cli" : false
}, {
  "duration" : 0.024709045886993408,
  "eventName" : "sdk:post-test",
  "startTime" : 4.35625104311291E8,
  "success" : true,
  "worker" : 1,
  "failure" : null,
  "details" : null,
  "entryType" : "measure",
  "platform" : 0,
  "command" : null,
  "testName" : null,
  "hookType" : "",
  "cli" : false
}, {
  "duration" : 0.05195897817611694,
  "eventName" : "sdk:pre-test",
  "startTime" : 4.35757569667666E8,
  "success" : true,
  "worker" : 1,
  "failure" : null,
  "details" : null,
  "entryType" : "measure",
  "platform" : 0,
  "command" : null,
  "testName" : null,
  "hookType" : "",
  "cli" : false
}, {
  "duration" : 0.028791964054107666,
  "eventName" : "sdk:post-test",
  "startTime" : 4.35851754269958E8,
  "success" : true,
  "worker" : 1,
  "failure" : null,
  "details" : null,
  "entryType" : "measure",
  "platform" : 0,
  "command" : null,
  "testName" : null,
  "hookType" : "",
  "cli" : false
}, {
  "duration" : 0.05745804309844971,
  "eventName" : "sdk:pre-test",
  "startTime" : 4.36691088702333E8,
  "success" : true,
  "worker" : 1,
  "failure" : null,
  "details" : null,
  "entryType" : "measure",
  "platform" : 0,
  "command" : null,
  "testName" : null,
  "hookType" : "",
  "cli" : false
}, {
  "duration" : 0.018792033195495605,
  "eventName" : "sdk:post-test",
  "startTime" : 4.36782325434541E8,
  "success" : true,
  "worker" : 1,
  "failure" : null,
  "details" : null,
  "entryType" : "measure",
  "platform" : 0,
  "command" : null,
  "testName" : null,
  "hookType" : "",
  "cli" : false
}, {
  "duration" : 0.05079197883605957,
  "eventName" : "sdk:pre-test",
  "startTime" : 4.37726462066958E8,
  "success" : true,
  "worker" : 1,
  "failure" : null,
  "details" : null,
  "entryType" : "measure",
  "platform" : 0,
  "command" : null,
  "testName" : null,
  "hookType" : "",
  "cli" : false
}, {
  "duration" : 0.012333035469055176,
  "eventName" : "sdk:post-test",
  "startTime" : 4.378194555215E8,
  "success" : true,
  "worker" : 1,
  "failure" : null,
  "details" : null,
  "entryType" : "measure",
  "platform" : 0,
  "command" : null,
  "testName" : null,
  "hookType" : "",
  "cli" : false
}, {
  "duration" : 0.05716598033905029,
  "eventName" : "sdk:pre-test",
  "startTime" : 4.379987656445E8,
  "success" : true,
  "worker" : 1,
  "failure" : null,
  "details" : null,
  "entryType" : "measure",
  "platform" : 0,
  "command" : null,
  "testName" : null,
  "hookType" : "",
  "cli" : false
}, {
  "duration" : 0.005541026592254639,
  "eventName" : "sdk:post-test",
  "startTime" : 4.38082532066625E8,
  "success" : true,
  "worker" : 1,
  "failure" : null,
  "details" : null,
  "entryType" : "measure",
  "platform" : 0,
  "command" : null,
  "testName" : null,
  "hookType" : "",
  "cli" : false
}, {
  "duration" : 0.04729199409484863,
  "eventName" : "sdk:pre-test",
  "startTime" : 4.38115519834166E8,
  "success" : true,
  "worker" : 1,
  "failure" : null,
  "details" : null,
  "entryType" : "measure",
  "platform" : 0,
  "command" : null,
  "testName" : null,
  "hookType" : "",
  "cli" : false
}, {
  "duration" : 0.019042015075683594,
  "eventName" : "sdk:post-test",
  "startTime" : 4.38269846966208E8,
  "success" : true,
  "worker" : 1,
  "failure" : null,
  "details" : null,
  "entryType" : "measure",
  "platform" : 0,
  "command" : null,
  "testName" : null,
  "hookType" : "",
  "cli" : false
}, {
  "duration" : 0.051792025566101074,
  "eventName" : "sdk:pre-test",
  "startTime" : 7.52693371674207E8,
  "success" : true,
  "worker" : 1,
  "failure" : null,
  "details" : null,
  "entryType" : "measure",
  "platform" : 0,
  "command" : null,
  "testName" : null,
  "hookType" : "",
  "cli" : false
}, {
  "duration" : 0.04354095458984375,
  "eventName" : "sdk:pre-test",
  "startTime" : 7.53140516292791E8,
  "success" : true,
  "worker" : 1,
  "failure" : null,
  "details" : null,
  "entryType" : "measure",
  "platform" : 0,
  "command" : null,
  "testName" : null,
  "hookType" : "",
  "cli" : false
}, {
  "duration" : 0.013499975204467773,
  "eventName" : "sdk:post-test",
  "startTime" : 7.53187330257457E8,
  "success" : true,
  "worker" : 1,
  "failure" : null,
  "details" : null,
  "entryType" : "measure",
  "platform" : 0,
  "command" : null,
  "testName" : null,
  "hookType" : "",
  "cli" : false
}, {
  "duration" : 0.05637502670288086,
  "eventName" : "sdk:pre-test",
  "startTime" : 7.53591355370207E8,
  "success" : true,
  "worker" : 1,
  "failure" : null,
  "details" : null,
  "entryType" : "measure",
  "platform" : 0,
  "command" : null,
  "testName" : null,
  "hookType" : "",
  "cli" : false
}, {
  "duration" : 0.06445896625518799,
  "eventName" : "sdk:pre-test",
  "startTime" : 7.53679778412832E8,
  "success" : true,
  "worker" : 1,
  "failure" : null,
  "details" : null,
  "entryType" : "measure",
  "platform" : 0,
  "command" : null,
  "testName" : null,
  "hookType" : "",
  "cli" : false
}, {
  "duration" : 0.03958296775817871,
  "eventName" : "sdk:post-test",
  "startTime" : 7.53740338233624E8,
  "success" : true,
  "worker" : 1,
  "failure" : null,
  "details" : null,
  "entryType" : "measure",
  "platform" : 0,
  "command" : null,
  "testName" : null,
  "hookType" : "",
  "cli" : false
}, {
  "duration" : 0.054541945457458496,
  "eventName" : "sdk:pre-test",
  "startTime" : 7.53771948819249E8,
  "success" : true,
  "worker" : 1,
  "failure" : null,
  "details" : null,
  "entryType" : "measure",
  "platform" : 0,
  "command" : null,
  "testName" : null,
  "hookType" : "",
  "cli" : false
}, {
  "duration" : 0.015583038330078125,
  "eventName" : "sdk:post-test",
  "startTime" : 7.53838008071124E8,
  "success" : true,
  "worker" : 1,
  "failure" : null,
  "details" : null,
  "entryType" : "measure",
  "platform" : 0,
  "command" : null,
  "testName" : null,
  "hookType" : "",
  "cli" : false
}, {
  "duration" : 0.04679107666015625,
  "eventName" : "sdk:pre-test",
  "startTime" : 7.53928949683291E8,
  "success" : true,
  "worker" : 1,
  "failure" : null,
  "details" : null,
  "entryType" : "measure",
  "platform" : 0,
  "command" : null,
  "testName" : null,
  "hookType" : "",
  "cli" : false
}, {
  "duration" : 0.006332993507385254,
  "eventName" : "sdk:post-test",
  "startTime" : 7.53979177600374E8,
  "success" : true,
  "worker" : 1,
  "failure" : null,
  "details" : null,
  "entryType" : "measure",
  "platform" : 0,
  "command" : null,
  "testName" : null,
  "hookType" : "",
  "cli" : false
}, {
  "duration" : 0.04887497425079346,
  "eventName" : "sdk:pre-test",
  "startTime" : 7.54003126940457E8,
  "success" : true,
  "worker" : 1,
  "failure" : null,
  "details" : null,
  "entryType" : "measure",
  "platform" : 0,
  "command" : null,
  "testName" : null,
  "hookType" : "",
  "cli" : false
}, {
  "duration" : 0.029458045959472656,
  "eventName" : "sdk:post-test",
  "startTime" : 7.54053060756374E8,
  "success" : true,
  "worker" : 1,
  "failure" : null,
  "details" : null,
  "entryType" : "measure",
  "platform" : 0,
  "command" : null,
  "testName" : null,
  "hookType" : "",
  "cli" : false
}, {
  "duration" : 0.050833940505981445,
  "eventName" : "sdk:pre-test",
  "startTime" : 7.54129845834957E8,
  "success" : true,
  "worker" : 1,
  "failure" : null,
  "details" : null,
  "entryType" : "measure",
  "platform" : 0,
  "command" : null,
  "testName" : null,
  "hookType" : "",
  "cli" : false
}, {
  "duration" : 0.04024994373321533,
  "eventName" : "sdk:post-test",
  "startTime" : 7.54206839704666E8,
  "success" : true,
  "worker" : 1,
  "failure" : null,
  "details" : null,
  "entryType" : "measure",
  "platform" : 0,
  "command" : null,
  "testName" : null,
  "hookType" : "",
  "cli" : false
}, {
  "duration" : 0.04412496089935303,
  "eventName" : "sdk:pre-test",
  "startTime" : 7.54377731597041E8,
  "success" : true,
  "worker" : 1,
  "failure" : null,
  "details" : null,
  "entryType" : "measure",
  "platform" : 0,
  "command" : null,
  "testName" : null,
  "hookType" : "",
  "cli" : false
}, {
  "duration" : 0.01633298397064209,
  "eventName" : "sdk:post-test",
  "startTime" : 7.54443675683916E8,
  "success" : true,
  "worker" : 1,
  "failure" : null,
  "details" : null,
  "entryType" : "measure",
  "platform" : 0,
  "command" : null,
  "testName" : null,
  "hookType" : "",
  "cli" : false
}, {
  "duration" : 0.049124956130981445,
  "eventName" : "sdk:pre-test",
  "startTime" : 7.54691187696791E8,
  "success" : true,
  "worker" : 1,
  "failure" : null,
  "details" : null,
  "entryType" : "measure",
  "platform" : 0,
  "command" : null,
  "testName" : null,
  "hookType" : "",
  "cli" : false
}, {
  "duration" : 0.02649998664855957,
  "eventName" : "sdk:post-test",
  "startTime" : 7.54758152534291E8,
  "success" : true,
  "worker" : 1,
  "failure" : null,
  "details" : null,
  "entryType" : "measure",
  "platform" : 0,
  "command" : null,
  "testName" : null,
  "hookType" : "",
  "cli" : false
}, {
  "duration" : 0.05041694641113281,
  "eventName" : "sdk:pre-test",
  "startTime" : 7.54773674940124E8,
  "success" : true,
  "worker" : 1,
  "failure" : null,
  "details" : null,
  "entryType" : "measure",
  "platform" : 0,
  "command" : null,
  "testName" : null,
  "hookType" : "",
  "cli" : false
}, {
  "duration" : 0.01816701889038086,
  "eventName" : "sdk:post-test",
  "startTime" : 7.54821679687374E8,
  "success" : true,
  "worker" : 1,
  "failure" : null,
  "details" : null,
  "entryType" : "measure",
  "platform" : 0,
  "command" : null,
  "testName" : null,
  "hookType" : "",
  "cli" : false
}, {
  "duration" : 0.05458402633666992,
  "eventName" : "sdk:pre-test",
  "startTime" : 7.54957610879832E8,
  "success" : true,
  "worker" : 1,
  "failure" : null,
  "details" : null,
  "entryType" : "measure",
  "platform" : 0,
  "command" : null,
  "testName" : null,
  "hookType" : "",
  "cli" : false
}, {
  "duration" : 0.006332993507385254,
  "eventName" : "sdk:post-test",
  "startTime" : 7.55004900675374E8,
  "success" : true,
  "worker" : 1,
  "failure" : null,
  "details" : null,
  "entryType" : "measure",
  "platform" : 0,
  "command" : null,
  "testName" : null,
  "hookType" : "",
  "cli" : false
}, {
  "duration" : 0.062458038330078125,
  "eventName" : "sdk:pre-test",
  "startTime" : 7.55064217371499E8,
  "success" : true,
  "worker" : 1,
  "failure" : null,
  "details" : null,
  "entryType" : "measure",
  "platform" : 0,
  "command" : null,
  "testName" : null,
  "hookType" : "",
  "cli" : false
}, {
  "duration" : 0.006542086601257324,
  "eventName" : "sdk:post-test",
  "startTime" : 7.55114778582207E8,
  "success" : true,
  "worker" : 1,
  "failure" : null,
  "details" : null,
  "entryType" : "measure",
  "platform" : 0,
  "command" : null,
  "testName" : null,
  "hookType" : "",
  "cli" : false
}, {
  "duration" : 0.047959089279174805,
  "eventName" : "sdk:pre-test",
  "startTime" : 7.55289067719582E8,
  "success" : true,
  "worker" : 1,
  "failure" : null,
  "details" : null,
  "entryType" : "measure",
  "platform" : 0,
  "command" : null,
  "testName" : null,
  "hookType" : "",
  "cli" : false
}, {
  "duration" : 0.02162492275238037,
  "eventName" : "sdk:post-test",
  "startTime" : 7.55394665772999E8,
  "success" : true,
  "worker" : 1,
  "failure" : null,
  "details" : null,
  "entryType" : "measure",
  "platform" : 0,
  "command" : null,
  "testName" : null,
  "hookType" : "",
  "cli" : false
}, {
  "duration" : 0.04895901679992676,
  "eventName" : "sdk:pre-test",
  "startTime" : 7.55977377908457E8,
  "success" : true,
  "worker" : 1,
  "failure" : null,
  "details" : null,
  "entryType" : "measure",
  "platform" : 0,
  "command" : null,
  "testName" : null,
  "hookType" : "",
  "cli" : false
}, {
  "duration" : 0.028167009353637695,
  "eventName" : "sdk:post-test",
  "startTime" : 7.56027112307707E8,
  "success" : true,
  "worker" : 1,
  "failure" : null,
  "details" : null,
  "entryType" : "measure",
  "platform" : 0,
  "command" : null,
  "testName" : null,
  "hookType" : "",
  "cli" : false
}, {
  "duration" : 0.045333027839660645,
  "eventName" : "sdk:pre-test",
  "startTime" : 7.56043263107041E8,
  "success" : true,
  "worker" : 1,
  "failure" : null,
  "details" : null,
  "entryType" : "measure",
  "platform" : 0,
  "command" : null,
  "testName" : null,
  "hookType" : "",
  "cli" : false
}, {
  "duration" : 0.0118330717086792,
  "eventName" : "sdk:post-test",
  "startTime" : 7.56089001120791E8,
  "success" : true,
  "worker" : 1,
  "failure" : null,
  "details" : null,
  "entryType" : "measure",
  "platform" : 0,
  "command" : null,
  "testName" : null,
  "hookType" : "",
  "cli" : false
}, {
  "duration" : 0.044458985328674316,
  "eventName" : "sdk:pre-test",
  "startTime" : 7.56120840293582E8,
  "success" : true,
  "worker" : 1,
  "failure" : null,
  "details" : null,
  "entryType" : "measure",
  "platform" : 0,
  "command" : null,
  "testName" : null,
  "hookType" : "",
  "cli" : false
}, {
  "duration" : 0.02070903778076172,
  "eventName" : "sdk:post-test",
  "startTime" : 7.56170550561582E8,
  "success" : true,
  "worker" : 1,
  "failure" : null,
  "details" : null,
  "entryType" : "measure",
  "platform" : 0,
  "command" : null,
  "testName" : null,
  "hookType" : "",
  "cli" : false
}, {
  "duration" : 0.054458022117614746,
  "eventName" : "sdk:pre-test",
  "startTime" : 7.56270037090874E8,
  "success" : true,
  "worker" : 1,
  "failure" : null,
  "details" : null,
  "entryType" : "measure",
  "platform" : 0,
  "command" : null,
  "testName" : null,
  "hookType" : "",
  "cli" : false
}, {
  "duration" : 0.018583059310913086,
  "eventName" : "sdk:post-test",
  "startTime" : 7.56350616584916E8,
  "success" : true,
  "worker" : 1,
  "failure" : null,
  "details" : null,
  "entryType" : "measure",
  "platform" : 0,
  "command" : null,
  "testName" : null,
  "hookType" : "",
  "cli" : false
}, {
  "duration" : 0.04225003719329834,
  "eventName" : "sdk:pre-test",
  "startTime" : 7.56394211676041E8,
  "success" : true,
  "worker" : 1,
  "failure" : null,
  "details" : null,
  "entryType" : "measure",
  "platform" : 0,
  "command" : null,
  "testName" : null,
  "hookType" : "",
  "cli" : false
}, {
  "duration" : 0.010416030883789062,
  "eventName" : "sdk:post-test",
  "startTime" : 7.56601893278791E8,
  "success" : true,
  "worker" : 1,
  "failure" : null,
  "details" : null,
  "entryType" : "measure",
  "platform" : 0,
  "command" : null,
  "testName" : null,
  "hookType" : "",
  "cli" : false
}, {
  "duration" : 0.04791605472564697,
  "eventName" : "sdk:pre-test",
  "startTime" : 7.57062384341291E8,
  "success" : true,
  "worker" : 1,
  "failure" : null,
  "details" : null,
  "entryType" : "measure",
  "platform" : 0,
  "command" : null,
  "testName" : null,
  "hookType" : "",
  "cli" : false
}, {
  "duration" : 0.03125,
  "eventName" : "sdk:post-test",
  "startTime" : 7.57116582304874E8,
  "success" : true,
  "worker" : 1,
  "failure" : null,
  "details" : null,
  "entryType" : "measure",
  "platform" : 0,
  "command" : null,
  "testName" : null,
  "hookType" : "",
  "cli" : false
}, {
  "duration" : 0.050791025161743164,
  "eventName" : "sdk:pre-test",
  "startTime" : 7.57133152502666E8,
  "success" : true,
  "worker" : 1,
  "failure" : null,
  "details" : null,
  "entryType" : "measure",
  "platform" : 0,
  "command" : null,
  "testName" : null,
  "hookType" : "",
  "cli" : false
}, {
  "duration" : 0.029041051864624023,
  "eventName" : "sdk:post-test",
  "startTime" : 7.57187427156541E8,
  "success" : true,
  "worker" : 1,
  "failure" : null,
  "details" : null,
  "entryType" : "measure",
  "platform" : 0,
  "command" : null,
  "testName" : null,
  "hookType" : "",
  "cli" : false
}, {
  "duration" : 0.050042033195495605,
  "eventName" : "sdk:pre-test",
  "startTime" : 7.57345749240583E8,
  "success" : true,
  "worker" : 1,
  "failure" : null,
  "details" : null,
  "entryType" : "measure",
  "platform" : 0,
  "command" : null,
  "testName" : null,
  "hookType" : "",
  "cli" : false
}, {
  "duration" : 0.007332921028137207,
  "eventName" : "sdk:post-test",
  "startTime" : 7.57397369097375E8,
  "success" : true,
  "worker" : 1,
  "failure" : null,
  "details" : null,
  "entryType" : "measure",
  "platform" : 0,
  "command" : null,
  "testName" : null,
  "hookType" : "",
  "cli" : false
}, {
  "duration" : 0.04875004291534424,
  "eventName" : "sdk:pre-test",
  "startTime" : 7.57490600532583E8,
  "success" : true,
  "worker" : 1,
  "failure" : null,
  "details" : null,
  "entryType" : "measure",
  "platform" : 0,
  "command" : null,
  "testName" : null,
  "hookType" : "",
  "cli" : false
}, {
  "duration" : 0.02662491798400879,
  "eventName" : "sdk:post-test",
  "startTime" : 7.57691310135416E8,
  "success" : true,
  "worker" : 1,
  "failure" : null,
  "details" : null,
  "entryType" : "measure",
  "platform" : 0,
  "command" : null,
  "testName" : null,
  "hookType" : "",
  "cli" : false
}, {
  "duration" : 0.0543750524520874,
  "eventName" : "sdk:pre-test",
  "startTime" : 7.58029033382666E8,
  "success" : true,
  "worker" : 1,
  "failure" : null,
  "details" : null,
  "entryType" : "measure",
  "platform" : 0,
  "command" : null,
  "testName" : null,
  "hookType" : "",
  "cli" : false
}, {
  "duration" : 0.017834067344665527,
  "eventName" : "sdk:post-test",
  "startTime" : 7.58131922050291E8,
  "success" : true,
  "worker" : 1,
  "failure" : null,
  "details" : null,
  "entryType" : "measure",
  "platform" : 0,
  "command" : null,
  "testName" : null,
  "hookType" : "",
  "cli" : false
}, {
  "duration" : 0.04429197311401367,
  "eventName" : "sdk:pre-test",
  "startTime" : 7.58151123554083E8,
  "success" : true,
  "worker" : 1,
  "failure" : null,
  "details" : null,
  "entryType" : "measure",
  "platform" : 0,
  "command" : null,
  "testName" : null,
  "hookType" : "",
  "cli" : false
}, {
  "duration" : 0.012125015258789062,
  "eventName" : "sdk:post-test",
  "startTime" : 7.58312012487208E8,
  "success" : true,
  "worker" : 1,
  "failure" : null,
  "details" : null,
  "entryType" : "measure",
  "platform" : 0,
  "command" : null,
  "testName" : null,
  "hookType" : "",
  "cli" : false
}, {
  "duration" : 0.0516660213470459,
  "eventName" : "sdk:pre-test",
  "startTime" : 7.5865704647575E8,
  "success" : true,
  "worker" : 1,
  "failure" : null,
  "details" : null,
  "entryType" : "measure",
  "platform" : 0,
  "command" : null,
  "testName" : null,
  "hookType" : "",
  "cli" : false
}, {
  "duration" : 0.03699994087219238,
  "eventName" : "sdk:post-test",
  "startTime" : 7.58830153161291E8,
  "success" : true,
  "worker" : 1,
  "failure" : null,
  "details" : null,
  "entryType" : "measure",
  "platform" : 0,
  "command" : null,
  "testName" : null,
  "hookType" : "",
  "cli" : false
}, {
  "duration" : 0.04962503910064697,
  "eventName" : "sdk:pre-test",
  "startTime" : 7.63574191515666E8,
  "success" : true,
  "worker" : 1,
  "failure" : null,
  "details" : null,
  "entryType" : "measure",
  "platform" : 0,
  "command" : null,
  "testName" : null,
  "hookType" : "",
  "cli" : false
}, {
  "duration" : 0.012458086013793945,
  "eventName" : "sdk:post-test",
  "startTime" : 7.63793401320499E8,
  "success" : true,
  "worker" : 1,
  "failure" : null,
  "details" : null,
  "entryType" : "measure",
  "platform" : 0,
  "command" : null,
  "testName" : null,
  "hookType" : "",
  "cli" : false
}, {
  "duration" : 0.04875004291534424,
  "eventName" : "sdk:pre-test",
  "startTime" : 7.63908962941666E8,
  "success" : true,
  "worker" : 1,
  "failure" : null,
  "details" : null,
  "entryType" : "measure",
  "platform" : 0,
  "command" : null,
  "testName" : null,
  "hookType" : "",
  "cli" : false
}, {
  "duration" : 0.02741694450378418,
  "eventName" : "sdk:post-test",
  "startTime" : 7.64026573962499E8,
  "success" : true,
  "worker" : 1,
  "failure" : null,
  "details" : null,
  "entryType" : "measure",
  "platform" : 0,
  "command" : null,
  "testName" : null,
  "hookType" : "",
  "cli" : false
}, {
  "duration" : 0.049916982650756836,
  "eventName" : "sdk:pre-test",
  "startTime" : 7.64040494970832E8,
  "success" : true,
  "worker" : 1,
  "failure" : null,
  "details" : null,
  "entryType" : "measure",
  "platform" : 0,
  "command" : null,
  "testName" : null,
  "hookType" : "",
  "cli" : false
}, {
  "duration" : 0.011708974838256836,
  "eventName" : "sdk:post-test",
  "startTime" : 7.64290331429207E8,
  "success" : true,
  "worker" : 1,
  "failure" : null,
  "details" : null,
  "entryType" : "measure",
  "platform" : 0,
  "command" : null,
  "testName" : null,
  "hookType" : "",
  "cli" : false
}, {
  "duration" : 0.05704200267791748,
  "eventName" : "sdk:pre-test",
  "startTime" : 7.65965811908499E8,
  "success" : true,
  "worker" : 1,
  "failure" : null,
  "details" : null,
  "entryType" : "measure",
  "platform" : 0,
  "command" : null,
  "testName" : null,
  "hookType" : "",
  "cli" : false
}, {
  "duration" : 0.015625,
  "eventName" : "sdk:post-test",
  "startTime" : 7.66202593611499E8,
  "success" : true,
  "worker" : 1,
  "failure" : null,
  "details" : null,
  "entryType" : "measure",
  "platform" : 0,
  "command" : null,
  "testName" : null,
  "hookType" : "",
  "cli" : false
}, {
  "duration" : 0.047833919525146484,
  "eventName" : "sdk:pre-test",
  "startTime" : 8.30921438361999E8,
  "success" : true,
  "worker" : 1,
  "failure" : null,
  "details" : null,
  "entryType" : "measure",
  "platform" : 0,
  "command" : null,
  "testName" : null,
  "hookType" : "",
  "cli" : false
}, {
  "duration" : 0.04304099082946777,
  "eventName" : "sdk:pre-test",
  "startTime" : 8.30937232444083E8,
  "success" : true,
  "worker" : 1,
  "failure" : null,
  "details" : null,
  "entryType" : "measure",
  "platform" : 0,
  "command" : null,
  "testName" : null,
  "hookType" : "",
  "cli" : false
}, {
  "duration" : 0.025624990463256836,
  "eventName" : "sdk:post-test",
  "startTime" : 8.31132311350124E8,
  "success" : true,
  "worker" : 1,
  "failure" : null,
  "details" : null,
  "entryType" : "measure",
  "platform" : 0,
  "command" : null,
  "testName" : null,
  "hookType" : "",
  "cli" : false
}, {
  "duration" : 0.045166969299316406,
  "eventName" : "sdk:pre-test",
  "startTime" : 8.31680701777541E8,
  "success" : true,
  "worker" : 1,
  "failure" : null,
  "details" : null,
  "entryType" : "measure",
  "platform" : 0,
  "command" : null,
  "testName" : null,
  "hookType" : "",
  "cli" : false
}, {
  "duration" : 0.030499935150146484,
  "eventName" : "sdk:post-test",
  "startTime" : 8.31783213891041E8,
  "success" : true,
  "worker" : 1,
  "failure" : null,
  "details" : null,
  "entryType" : "measure",
  "platform" : 0,
  "command" : null,
  "testName" : null,
  "hookType" : "",
  "cli" : false
}, {
  "duration" : 0.04883301258087158,
  "eventName" : "sdk:pre-test",
  "startTime" : 8.32296953405208E8,
  "success" : true,
  "worker" : 1,
  "failure" : null,
  "details" : null,
  "entryType" : "measure",
  "platform" : 0,
  "command" : null,
  "testName" : null,
  "hookType" : "",
  "cli" : false
}, {
  "duration" : 0.03245806694030762,
  "eventName" : "sdk:post-test",
  "startTime" : 8.32493990899666E8,
  "success" : true,
  "worker" : 1,
  "failure" : null,
  "details" : null,
  "entryType" : "measure",
  "platform" : 0,
  "command" : null,
  "testName" : null,
  "hookType" : "",
  "cli" : false
}, {
  "duration" : 0.053207993507385254,
  "eventName" : "sdk:pre-test",
  "startTime" : 8.32544304741291E8,
  "success" : true,
  "worker" : 1,
  "failure" : null,
  "details" : null,
  "entryType" : "measure",
  "platform" : 0,
  "command" : null,
  "testName" : null,
  "hookType" : "",
  "cli" : false
}, {
  "duration" : 0.015915989875793457,
  "eventName" : "sdk:post-test",
  "startTime" : 8.32731377358083E8,
  "success" : true,
  "worker" : 1,
  "failure" : null,
  "details" : null,
  "entryType" : "measure",
  "platform" : 0,
  "command" : null,
  "testName" : null,
  "hookType" : "",
  "cli" : false
}, {
  "duration" : 0.052124977111816406,
  "eventName" : "sdk:pre-test",
  "startTime" : 8.32856769198124E8,
  "success" : true,
  "worker" : 1,
  "failure" : null,
  "details" : null,
  "entryType" : "measure",
  "platform" : 0,
  "command" : null,
  "testName" : null,
  "hookType" : "",
  "cli" : false
}, {
  "duration" : 0.027624964714050293,
  "eventName" : "sdk:post-test",
  "startTime" : 8.33046064418458E8,
  "success" : true,
  "worker" : 1,
  "failure" : null,
  "details" : null,
  "entryType" : "measure",
  "platform" : 0,
  "command" : null,
  "testName" : null,
  "hookType" : "",
  "cli" : false
}, {
  "duration" : 0.042333006858825684,
  "eventName" : "sdk:pre-test",
  "startTime" : 8.33406244562291E8,
  "success" : true,
  "worker" : 1,
  "failure" : null,
  "details" : null,
  "entryType" : "measure",
  "platform" : 0,
  "command" : null,
  "testName" : null,
  "hookType" : "",
  "cli" : false
}, {
  "duration" : 0.01587498188018799,
  "eventName" : "sdk:post-test",
  "startTime" : 8.33593668389874E8,
  "success" : true,
  "worker" : 1,
  "failure" : null,
  "details" : null,
  "entryType" : "measure",
  "platform" : 0,
  "command" : null,
  "testName" : null,
  "hookType" : "",
  "cli" : false
}, {
  "duration" : 0.05512499809265137,
  "eventName" : "sdk:pre-test",
  "startTime" : 8.34297293964208E8,
  "success" : true,
  "worker" : 1,
  "failure" : null,
  "details" : null,
  "entryType" : "measure",
  "platform" : 0,
  "command" : null,
  "testName" : null,
  "hookType" : "",
  "cli" : false
}, {
  "duration" : 0.025041937828063965,
  "eventName" : "sdk:post-test",
  "startTime" : 8.34489271513416E8,
  "success" : true,
  "worker" : 1,
  "failure" : null,
  "details" : null,
  "entryType" : "measure",
  "platform" : 0,
  "command" : null,
  "testName" : null,
  "hookType" : "",
  "cli" : false
}, {
  "duration" : 0.04637491703033447,
  "eventName" : "sdk:pre-test",
  "startTime" : 8.45797731193541E8,
  "success" : true,
  "worker" : 1,
  "failure" : null,
  "details" : null,
  "entryType" : "measure",
  "platform" : 0,
  "command" : null,
  "testName" : null,
  "hookType" : "",
  "cli" : false
}, {
  "duration" : 0.04770803451538086,
  "eventName" : "sdk:pre-test",
  "startTime" : 8.45800060550625E8,
  "success" : true,
  "worker" : 1,
  "failure" : null,
  "details" : null,
  "entryType" : "measure",
  "platform" : 0,
  "command" : null,
  "testName" : null,
  "hookType" : "",
  "cli" : false
}, {
  "duration" : 0.032124996185302734,
  "eventName" : "sdk:post-test",
  "startTime" : 8.45818967788041E8,
  "success" : true,
  "worker" : 1,
  "failure" : null,
  "details" : null,
  "entryType" : "measure",
  "platform" : 0,
  "command" : null,
  "testName" : null,
  "hookType" : "",
  "cli" : false
}, {
  "duration" : 0.031167030334472656,
  "eventName" : "sdk:post-test",
  "startTime" : 8.45825294464833E8,
  "success" : true,
  "worker" : 1,
  "failure" : null,
  "details" : null,
  "entryType" : "measure",
  "platform" : 0,
  "command" : null,
  "testName" : null,
  "hookType" : "",
  "cli" : false
}, {
  "duration" : 0.04504096508026123,
  "eventName" : "sdk:pre-test",
  "startTime" : 8.45868653106375E8,
  "success" : true,
  "worker" : 1,
  "failure" : null,
  "details" : null,
  "entryType" : "measure",
  "platform" : 0,
  "command" : null,
  "testName" : null,
  "hookType" : "",
  "cli" : false
}, {
  "duration" : 0.01470792293548584,
  "eventName" : "sdk:post-test",
  "startTime" : 8.460889185915E8,
  "success" : true,
  "worker" : 1,
  "failure" : null,
  "details" : null,
  "entryType" : "measure",
  "platform" : 0,
  "command" : null,
  "testName" : null,
  "hookType" : "",
  "cli" : false
}, {
  "duration" : 0.04850006103515625,
  "eventName" : "sdk:pre-test",
  "startTime" : 8.46349506731416E8,
  "success" : true,
  "worker" : 1,
  "failure" : null,
  "details" : null,
  "entryType" : "measure",
  "platform" : 0,
  "command" : null,
  "testName" : null,
  "hookType" : "",
  "cli" : false
}, {
  "duration" : 0.01629197597503662,
  "eventName" : "sdk:post-test",
  "startTime" : 8.46551944823166E8,
  "success" : true,
  "worker" : 1,
  "failure" : null,
  "details" : null,
  "entryType" : "measure",
  "platform" : 0,
  "command" : null,
  "testName" : null,
  "hookType" : "",
  "cli" : false
}, {
  "duration" : 0.04399991035461426,
  "eventName" : "sdk:pre-test",
  "startTime" : 8.47920804597375E8,
  "success" : true,
  "worker" : 1,
  "failure" : null,
  "details" : null,
  "entryType" : "measure",
  "platform" : 0,
  "command" : null,
  "testName" : null,
  "hookType" : "",
  "cli" : false
}, {
  "duration" : 0.023041963577270508,
  "eventName" : "sdk:post-test",
  "startTime" : 8.48121740651541E8,
  "success" : true,
  "worker" : 1,
  "failure" : null,
  "details" : null,
  "entryType" : "measure",
  "platform" : 0,
  "command" : null,
  "testName" : null,
  "hookType" : "",
  "cli" : false
}, {
  "duration" : 0.050541043281555176,
  "eventName" : "sdk:pre-test",
  "startTime" : 8.486209007195E8,
  "success" : true,
  "worker" : 1,
  "failure" : null,
  "details" : null,
  "entryType" : "measure",
  "platform" : 0,
  "command" : null,
  "testName" : null,
  "hookType" : "",
  "cli" : false
}, {
  "duration" : 0.05208301544189453,
  "eventName" : "sdk:pre-test",
  "startTime" : 8.48704473580583E8,
  "success" : true,
  "worker" : 1,
  "failure" : null,
  "details" : null,
  "entryType" : "measure",
  "platform" : 0,
  "command" : null,
  "testName" : null,
  "hookType" : "",
  "cli" : false
}, {
  "duration" : 0.05237499997019768,
  "eventName" : "sdk:pre-test",
  "startTime" : 8149438.740625,
  "success" : true,
  "worker" : 1,
  "failure" : null,
  "details" : null,
  "entryType" : "measure",
  "platform" : 0,
  "command" : null,
  "testName" : null,
  "hookType" : "",
  "cli" : false
}, {
  "duration" : 0.013375000096857548,
  "eventName" : "sdk:post-test",
  "startTime" : 8264551.312791,
  "success" : true,
  "worker" : 1,
  "failure" : null,
  "details" : null,
  "entryType" : "measure",
  "platform" : 0,
  "command" : null,
  "testName" : null,
  "hookType" : "",
  "cli" : false
}, {
  "duration" : 0.04645800031721592,
  "eventName" : "sdk:pre-test",
  "startTime" : 8843812.371375,
  "success" : true,
  "worker" : 1,
  "failure" : null,
  "details" : null,
  "entryType" : "measure",
  "platform" : 0,
  "command" : null,
  "testName" : null,
  "hookType" : "",
  "cli" : false
}, {
  "duration" : 0.007083000615239143,
  "eventName" : "sdk:post-test",
  "startTime" : 8953677.370125,
  "success" : true,
  "worker" : 1,
  "failure" : null,
  "details" : null,
  "entryType" : "measure",
  "platform" : 0,
  "command" : null,
  "testName" : null,
  "hookType" : "",
  "cli" : false
}, {
  "duration" : 0.047540999948978424,
  "eventName" : "sdk:pre-test",
  "startTime" : 1.000018440525E7,
  "success" : true,
  "worker" : 1,
  "failure" : null,
  "details" : null,
  "entryType" : "measure",
  "platform" : 0,
  "command" : null,
  "testName" : null,
  "hookType" : "",
  "cli" : false
}, {
  "duration" : 0.012291999533772469,
  "eventName" : "sdk:post-test",
  "startTime" : 1.0035916279583E7,
  "success" : true,
  "worker" : 1,
  "failure" : null,
  "details" : null,
  "entryType" : "measure",
  "platform" : 0,
  "command" : null,
  "testName" : null,
  "hookType" : "",
  "cli" : false
}, {
  "duration" : 0.05320800095796585,
  "eventName" : "sdk:pre-test",
  "startTime" : 1.0172186600333E7,
  "success" : true,
  "worker" : 1,
  "failure" : null,
  "details" : null,
  "entryType" : "measure",
  "platform" : 0,
  "command" : null,
  "testName" : null,
  "hookType" : "",
  "cli" : false
}, {
  "duration" : 0.026000000536441803,
  "eventName" : "sdk:post-test",
  "startTime" : 1.0257678532541E7,
  "success" : true,
  "worker" : 1,
  "failure" : null,
  "details" : null,
  "entryType" : "measure",
  "platform" : 0,
  "command" : null,
  "testName" : null,
  "hookType" : "",
  "cli" : false
}, {
  "duration" : 0.04945800080895424,
  "eventName" : "sdk:pre-test",
  "startTime" : 1.0339815748208E7,
  "success" : true,
  "worker" : 1,
  "failure" : null,
  "details" : null,
  "entryType" : "measure",
  "platform" : 0,
  "command" : null,
  "testName" : null,
  "hookType" : "",
  "cli" : false
}, {
  "duration" : 0.015125000849366188,
  "eventName" : "sdk:post-test",
  "startTime" : 1.0435340342416E7,
  "success" : true,
  "worker" : 1,
  "failure" : null,
  "details" : null,
  "entryType" : "measure",
  "platform" : 0,
  "command" : null,
  "testName" : null,
  "hookType" : "",
  "cli" : false
}, {
  "duration" : 0.05224999971687794,
  "eventName" : "sdk:pre-test",
  "startTime" : 1.0613503688208E7,
  "success" : true,
  "worker" : 1,
  "failure" : null,
  "details" : null,
  "entryType" : "measure",
  "platform" : 0,
  "command" : null,
  "testName" : null,
  "hookType" : "",
  "cli" : false
}, {
  "duration" : 0.01508300006389618,
  "eventName" : "sdk:post-test",
  "startTime" : 1.0708201442333E7,
  "success" : true,
  "worker" : 1,
  "failure" : null,
  "details" : null,
  "entryType" : "measure",
  "platform" : 0,
  "command" : null,
  "testName" : null,
  "hookType" : "",
  "cli" : false
}, {
  "duration" : 0.054791999980807304,
  "eventName" : "sdk:pre-test",
  "startTime" : 1.1299204640083E7,
  "success" : true,
  "worker" : 1,
  "failure" : null,
  "details" : null,
  "entryType" : "measure",
  "platform" : 0,
  "command" : null,
  "testName" : null,
  "hookType" : "",
  "cli" : false
}, {
  "duration" : 0.005916999652981758,
  "eventName" : "sdk:post-test",
  "startTime" : 1.1379041674208E7,
  "success" : true,
  "worker" : 1,
  "failure" : null,
  "details" : null,
  "entryType" : "measure",
  "platform" : 0,
  "command" : null,
  "testName" : null,
  "hookType" : "",
  "cli" : false
}, {
  "duration" : 0.04458400048315525,
  "eventName" : "sdk:pre-test",
  "startTime" : 1.1509827544416E7,
  "success" : true,
  "worker" : 1,
  "failure" : null,
  "details" : null,
  "entryType" : "measure",
  "platform" : 0,
  "command" : null,
  "testName" : null,
  "hookType" : "",
  "cli" : false
}, {
  "duration" : 0.0122079998254776,
  "eventName" : "sdk:post-test",
  "startTime" : 1.1581364906958E7,
  "success" : true,
  "worker" : 1,
  "failure" : null,
  "details" : null,
  "entryType" : "measure",
  "platform" : 0,
  "command" : null,
  "testName" : null,
  "hookType" : "",
  "cli" : false
}, {
  "duration" : 0.050958000123500824,
  "eventName" : "sdk:pre-test",
  "startTime" : 1.2115694557375E7,
  "success" : true,
  "worker" : 1,
  "failure" : null,
  "details" : null,
  "entryType" : "measure",
  "platform" : 0,
  "command" : null,
  "testName" : null,
  "hookType" : "",
  "cli" : false
}, {
  "duration" : 0.01645899936556816,
  "eventName" : "sdk:post-test",
  "startTime" : 1.2296433111291E7,
  "success" : true,
  "worker" : 1,
  "failure" : null,
  "details" : null,
  "entryType" : "measure",
  "platform" : 0,
  "command" : null,
  "testName" : null,
  "hookType" : "",
  "cli" : false
}, {
  "duration" : 0.04362500086426735,
  "eventName" : "sdk:pre-test",
  "startTime" : 1.2339997192125E7,
  "success" : true,
  "worker" : 1,
  "failure" : null,
  "details" : null,
  "entryType" : "measure",
  "platform" : 0,
  "command" : null,
  "testName" : null,
  "hookType" : "",
  "cli" : false
}, {
  "duration" : 0.013416999951004982,
  "eventName" : "sdk:post-test",
  "startTime" : 1.2578567087958E7,
  "success" : true,
  "worker" : 1,
  "failure" : null,
  "details" : null,
  "entryType" : "measure",
  "platform" : 0,
  "command" : null,
  "testName" : null,
  "hookType" : "",
  "cli" : false
}, {
  "duration" : 0.05004199966788292,
  "eventName" : "sdk:pre-test",
  "startTime" : 1.2857587201708E7,
  "success" : true,
  "worker" : 1,
  "failure" : null,
  "details" : null,
  "entryType" : "measure",
  "platform" : 0,
  "command" : null,
  "testName" : null,
  "hookType" : "",
  "cli" : false
}, {
  "duration" : 0.020625000819563866,
  "eventName" : "sdk:post-test",
  "startTime" : 1.2941794606958E7,
  "success" : true,
  "worker" : 1,
  "failure" : null,
  "details" : null,
  "entryType" : "measure",
  "platform" : 0,
  "command" : null,
  "testName" : null,
  "hookType" : "",
  "cli" : false
}, {
  "duration" : 0.045416999608278275,
  "eventName" : "sdk:pre-test",
  "startTime" : 1.3313274221541E7,
  "success" : true,
  "worker" : 1,
  "failure" : null,
  "details" : null,
  "entryType" : "measure",
  "platform" : 0,
  "command" : null,
  "testName" : null,
  "hookType" : "",
  "cli" : false
}, {
  "duration" : 0.013333998620510101,
  "eventName" : "sdk:post-test",
  "startTime" : 1.3569815281416E7,
  "success" : true,
  "worker" : 1,
  "failure" : null,
  "details" : null,
  "entryType" : "measure",
  "platform" : 0,
  "command" : null,
  "testName" : null,
  "hookType" : "",
  "cli" : false
}, {
  "duration" : 0.0620420016348362,
  "eventName" : "sdk:pre-test",
  "startTime" : 1.7714748084041E7,
  "success" : true,
  "worker" : 1,
  "failure" : null,
  "details" : null,
  "entryType" : "measure",
  "platform" : 0,
  "command" : null,
  "testName" : null,
  "hookType" : "",
  "cli" : false
}, {
  "duration" : 0.044499997049570084,
  "eventName" : "sdk:pre-test",
  "startTime" : 1.7907722272541E7,
  "success" : true,
  "worker" : 1,
  "failure" : null,
  "details" : null,
  "entryType" : "measure",
  "platform" : 0,
  "command" : null,
  "testName" : null,
  "hookType" : "",
  "cli" : false
}, {
  "duration" : 0.008666999638080597,
  "eventName" : "sdk:post-test",
  "startTime" : 1.8000243749958E7,
  "success" : true,
  "worker" : 1,
  "failure" : null,
  "details" : null,
  "entryType" : "measure",
  "platform" : 0,
  "command" : null,
  "testName" : null,
  "hookType" : "",
  "cli" : false
}, {
  "duration" : 0.048124998807907104,
  "eventName" : "sdk:pre-test",
  "startTime" : 1.8290942750625E7,
  "success" : true,
  "worker" : 1,
  "failure" : null,
  "details" : null,
  "entryType" : "measure",
  "platform" : 0,
  "command" : null,
  "testName" : null,
  "hookType" : "",
  "cli" : false
}, {
  "duration" : 0.014874998480081558,
  "eventName" : "sdk:post-test",
  "startTime" : 1.8367383523458E7,
  "success" : true,
  "worker" : 1,
  "failure" : null,
  "details" : null,
  "entryType" : "measure",
  "platform" : 0,
  "command" : null,
  "testName" : null,
  "hookType" : "",
  "cli" : false
}, {
  "duration" : 0.04691699892282486,
  "eventName" : "sdk:pre-test",
  "startTime" : 1.8468967449083E7,
  "success" : true,
  "worker" : 1,
  "failure" : null,
  "details" : null,
  "entryType" : "measure",
  "platform" : 0,
  "command" : null,
  "testName" : null,
  "hookType" : "",
  "cli" : false
}, {
  "duration" : 0.048792000859975815,
  "eventName" : "sdk:pre-test",
  "startTime" : 3.3117970095208E7,
  "success" : true,
  "worker" : 1,
  "failure" : null,
  "details" : null,
  "entryType" : "measure",
  "platform" : 0,
  "command" : null,
  "testName" : null,
  "hookType" : "",
  "cli" : false
}, {
  "duration" : 0.013041999191045761,
  "eventName" : "sdk:post-test",
  "startTime" : 3.321015594025E7,
  "success" : true,
  "worker" : 1,
  "failure" : null,
  "details" : null,
  "entryType" : "measure",
  "platform" : 0,
  "command" : null,
  "testName" : null,
  "hookType" : "",
  "cli" : false
}, {
  "duration" : 0.05037499964237213,
  "eventName" : "sdk:pre-test",
  "startTime" : 3.3785367978542E7,
  "success" : true,
  "worker" : 1,
  "failure" : null,
  "details" : null,
  "entryType" : "measure",
  "platform" : 0,
  "command" : null,
  "testName" : null,
  "hookType" : "",
  "cli" : false
}, {
  "duration" : 0.00579100102186203,
  "eventName" : "sdk:post-test",
  "startTime" : 3.3971722634667E7,
  "success" : true,
  "worker" : 1,
  "failure" : null,
  "details" : null,
  "entryType" : "measure",
  "platform" : 0,
  "command" : null,
  "testName" : null,
  "hookType" : "",
  "cli" : false
}, {
  "duration" : 0.047582998871803284,
  "eventName" : "sdk:pre-test",
  "startTime" : 3.4169975552417E7,
  "success" : true,
  "worker" : 1,
  "failure" : null,
  "details" : null,
  "entryType" : "measure",
  "platform" : 0,
  "command" : null,
  "testName" : null,
  "hookType" : "",
  "cli" : false
}, {
  "duration" : 0.026417002081871033,
  "eventName" : "sdk:post-test",
  "startTime" : 3.438423990625E7,
  "success" : true,
  "worker" : 1,
  "failure" : null,
  "details" : null,
  "entryType" : "measure",
  "platform" : 0,
  "command" : null,
  "testName" : null,
  "hookType" : "",
  "cli" : false
}, {
  "duration" : 0.04945800453424454,
  "eventName" : "sdk:pre-test",
  "startTime" : 3.5166784200875E7,
  "success" : true,
  "worker" : 1,
  "failure" : null,
  "details" : null,
  "entryType" : "measure",
  "platform" : 0,
  "command" : null,
  "testName" : null,
  "hookType" : "",
  "cli" : false
}, {
  "duration" : 0.011124998331069946,
  "eventName" : "sdk:post-test",
  "startTime" : 3.5391313826375E7,
  "success" : true,
  "worker" : 1,
  "failure" : null,
  "details" : null,
  "entryType" : "measure",
  "platform" : 0,
  "command" : null,
  "testName" : null,
  "hookType" : "",
  "cli" : false
}, {
  "duration" : 0.052500009536743164,
  "eventName" : "sdk:pre-test",
  "startTime" : 3.16986253975499E8,
  "success" : true,
  "worker" : 1,
  "failure" : null,
  "details" : null,
  "entryType" : "measure",
  "platform" : 0,
  "command" : null,
  "testName" : null,
  "hookType" : "",
  "cli" : false
}, {
  "duration" : 0.04583299160003662,
  "eventName" : "sdk:pre-test",
  "startTime" : 3.17111218311833E8,
  "success" : true,
  "worker" : 1,
  "failure" : null,
  "details" : null,
  "entryType" : "measure",
  "platform" : 0,
  "command" : null,
  "testName" : null,
  "hookType" : "",
  "cli" : false
}, {
  "duration" : 0.01666700839996338,
  "eventName" : "sdk:post-test",
  "startTime" : 3.17193843648041E8,
  "success" : true,
  "worker" : 1,
  "failure" : null,
  "details" : null,
  "entryType" : "measure",
  "platform" : 0,
  "command" : null,
  "testName" : null,
  "hookType" : "",
  "cli" : false
}, {
  "duration" : 0.08941704034805298,
  "eventName" : "sdk:pre-test",
  "startTime" : 3.17570898686166E8,
  "success" : true,
  "worker" : 1,
  "failure" : null,
  "details" : null,
  "entryType" : "measure",
  "platform" : 0,
  "command" : null,
  "testName" : null,
  "hookType" : "",
  "cli" : false
}, {
  "duration" : 0.026042044162750244,
  "eventName" : "sdk:post-test",
  "startTime" : 3.17718850253374E8,
  "success" : true,
  "worker" : 1,
  "failure" : null,
  "details" : null,
  "entryType" : "measure",
  "platform" : 0,
  "command" : null,
  "testName" : null,
  "hookType" : "",
  "cli" : false
}, {
  "duration" : 0.04791700839996338,
  "eventName" : "sdk:pre-test",
  "startTime" : 3.18347988926666E8,
  "success" : true,
  "worker" : 1,
  "failure" : null,
  "details" : null,
  "entryType" : "measure",
  "platform" : 0,
  "command" : null,
  "testName" : null,
  "hookType" : "",
  "cli" : false
}, {
  "duration" : 0.05137503147125244,
  "eventName" : "sdk:pre-test",
  "startTime" : 3.18729259729958E8,
  "success" : true,
  "worker" : 1,
  "failure" : null,
  "details" : null,
  "entryType" : "measure",
  "platform" : 0,
  "command" : null,
  "testName" : null,
  "hookType" : "",
  "cli" : false
}, {
  "duration" : 0.04920804500579834,
  "eventName" : "sdk:pre-test",
  "startTime" : 3.18910690459416E8,
  "success" : true,
  "worker" : 1,
  "failure" : null,
  "details" : null,
  "entryType" : "measure",
  "platform" : 0,
  "command" : null,
  "testName" : null,
  "hookType" : "",
  "cli" : false
}, {
  "duration" : 0.008583009243011475,
  "eventName" : "sdk:post-test",
  "startTime" : 3.19035155918291E8,
  "success" : true,
  "worker" : 1,
  "failure" : null,
  "details" : null,
  "entryType" : "measure",
  "platform" : 0,
  "command" : null,
  "testName" : null,
  "hookType" : "",
  "cli" : false
}, {
  "duration" : 0.05779099464416504,
  "eventName" : "sdk:pre-test",
  "startTime" : 3.19326476569333E8,
  "success" : true,
  "worker" : 1,
  "failure" : null,
  "details" : null,
  "entryType" : "measure",
  "platform" : 0,
  "command" : null,
  "testName" : null,
  "hookType" : "",
  "cli" : false
}, {
  "duration" : 0.05350005626678467,
  "eventName" : "sdk:pre-test",
  "startTime" : 3.19822415236083E8,
  "success" : true,
  "worker" : 1,
  "failure" : null,
  "details" : null,
  "entryType" : "measure",
  "platform" : 0,
  "command" : null,
  "testName" : null,
  "hookType" : "",
  "cli" : false
}, {
  "duration" : 0.022665977478027344,
  "eventName" : "sdk:post-test",
  "startTime" : 3.19918165775833E8,
  "success" : true,
  "worker" : 1,
  "failure" : null,
  "details" : null,
  "entryType" : "measure",
  "platform" : 0,
  "command" : null,
  "testName" : null,
  "hookType" : "",
  "cli" : false
}, {
  "duration" : 0.05299997329711914,
  "eventName" : "sdk:pre-test",
  "startTime" : 3.20017775021833E8,
  "success" : true,
  "worker" : 1,
  "failure" : null,
  "details" : null,
  "entryType" : "measure",
  "platform" : 0,
  "command" : null,
  "testName" : null,
  "hookType" : "",
  "cli" : false
}, {
  "duration" : 0.057166993618011475,
  "eventName" : "sdk:pre-test",
  "startTime" : 3.20144718227749E8,
  "success" : true,
  "worker" : 1,
  "failure" : null,
  "details" : null,
  "entryType" : "measure",
  "platform" : 0,
  "command" : null,
  "testName" : null,
  "hookType" : "",
  "cli" : false
}, {
  "duration" : 0.015833020210266113,
  "eventName" : "sdk:post-test",
  "startTime" : 3.20236118579583E8,
  "success" : true,
  "worker" : 1,
  "failure" : null,
  "details" : null,
  "entryType" : "measure",
  "platform" : 0,
  "command" : null,
  "testName" : null,
  "hookType" : "",
  "cli" : false
}, {
  "duration" : 0.05012500286102295,
  "eventName" : "sdk:pre-test",
  "startTime" : 3.20658323999416E8,
  "success" : true,
  "worker" : 1,
  "failure" : null,
  "details" : null,
  "entryType" : "measure",
  "platform" : 0,
  "command" : null,
  "testName" : null,
  "hookType" : "",
  "cli" : false
}, {
  "duration" : 0.013999998569488525,
  "eventName" : "sdk:post-test",
  "startTime" : 3.20756694196791E8,
  "success" : true,
  "worker" : 1,
  "failure" : null,
  "details" : null,
  "entryType" : "measure",
  "platform" : 0,
  "command" : null,
  "testName" : null,
  "hookType" : "",
  "cli" : false
}, {
  "duration" : 0.04941701889038086,
  "eventName" : "sdk:pre-test",
  "startTime" : 3.20885193099541E8,
  "success" : true,
  "worker" : 1,
  "failure" : null,
  "details" : null,
  "entryType" : "measure",
  "platform" : 0,
  "command" : null,
  "testName" : null,
  "hookType" : "",
  "cli" : false
}, {
  "duration" : 0.04545903205871582,
  "eventName" : "sdk:pre-test",
  "startTime" : 3.94914482261166E8,
  "success" : true,
  "worker" : 1,
  "failure" : null,
  "details" : null,
  "entryType" : "measure",
  "platform" : 0,
  "command" : null,
  "testName" : null,
  "hookType" : "",
  "cli" : false
}, {
  "duration" : 0.030916035175323486,
  "eventName" : "sdk:post-test",
  "startTime" : 3.94951277668E8,
  "success" : true,
  "worker" : 1,
  "failure" : null,
  "details" : null,
  "entryType" : "measure",
  "platform" : 0,
  "command" : null,
  "testName" : null,
  "hookType" : "",
  "cli" : false
} ]