<?xml version="1.0" encoding="UTF-8"?>
<!DOCTYPE suite SYSTEM "http://testng.org/testng-1.0.dtd">
<suite name="AutoHawk Functional Suite">
    <listeners>
        <listener class-name="org.openlane.autohawk.testutils.Listeners"/>
    </listeners>

    <test name="Functional Tests">
        <classes>
            <class name="org.openlane.autohawk.testcases.functional.LoginTC"/>
            <class name="org.openlane.autohawk.testcases.functional.HomeTC" />
            <class name="org.openlane.autohawk.testcases.functional.SiteSettingsTC" />
            <class name="org.openlane.autohawk.testcases.functional.Home_AssignedTabTC" />
            <class name="org.openlane.autohawk.testcases.functional.Home_SiteTabTC" />
            <class name="org.openlane.autohawk.testcases.functional.Home_MyInspectionsTabTC" />
        </classes>
    </test>
</suite>