{
  "browserStackDetails": {
    "browserstack.user": "sagars_BG1RzH",
    "browserstack.key": "M6DcDNtGTuovKPLrE2dK"
  },
  "vinKeyDetails": {
    "FINAL_AVL_US_OFFLEASE": "5J8TA7G30DL000447",
    "FINAL_AVL_CA_OFFLEASE": "WDBZZ79F32F258772",
    "FINAL_AVL_CPO_INSPECTION_GULFSTATE_SOLDUNIT_NO": "5TFSY5F10CX115966",
    "FINAL_AVL_CPO_INSPECTION_GULFSTATE_SOLDUNIT_YES": "5TFSY5F10CX115966",
    "FINAL_AVL_CPO_INSPECTION_HYUNDAI_SOLDUNIT_NO": "KMHCG41CX5U607110",
    "FINAL_AVL_CPO_INSPECTION_HYUNDAI_SOLDUNIT_YES": "KMHCG41CX5U607110",
    "FINAL_AVL_CPO_INSPECTION_LEXUS": "JTJHA31U060942929",
    "FINAL_AVL_CPO_INSPECTION_MERCEDES_BENZ_SOLDUNIT_NO": "WDZPE7CD9C5705961",
    "FINAL_AVL_CPO_INSPECTION_MERCEDES_BENZ_SOLDUNIT_YES": "WDZPE7CD9C5705961",
    "FINAL_AVL_CPO_INSPECTION_TOYOTA_SOLDUNIT_NO_GOLDUNIT_NO": "5TDJY5G15ES093742",
    "FINAL_AVL_CPO_INSPECTION_TOYOTA_SOLDUNIT_NO_GOLDUNIT_YES": "5TDJY5G15ES093742",
    "FINAL_AVL_CPO_INSPECTION_TOYOTA_SOLDUNIT_YES_GOLDUNIT_NO": "5TDJY5G15ES093742",
    "FINAL_AVL_CPO_INSPECTION_TOYOTA_SOLDUNIT_YES_GOLDUNIT_YES": "5TDJY5G15ES093742",
    "FINAL_AVL_SPECIALTY_INSPECTION_KAR_SPECIALTY": "",
    "FINAL_AVL_SPECIALTY_INSPECTION_OTHER_HARLEY_DAVIDISON": "",
    "FINAL_AVL_SPECIALTY_INSPECTION_SP_HD_MD_TRUCK": "",
    "FINAL_AVL_SPECIALTY_INSPECTION_SP_MARINE": "",
    "FINAL_AVL_SPECIALTY_INSPECTION_SP_MOTORCYCLE": "",
    "FINAL_AVL_SPECIALTY_INSPECTION_SP_MOTORHOME_TRAVELTRAILER": "",
    "FINAL_CANADA_VLC_INSPECTION_ADESA_COLT_RENTAL_INSPECTION": "1FADP3F25DL330427",
    "FINAL_CANADA_VLC_INSPECTION_ADESA_COLT_STANDARD_INSPECTION": "3VWD17AJ0EM715151"
  }
}

