[ {
  "duration" : 0.06529200077056885,
  "eventName" : "sdk:pre-test",
  "startTime" : 2.97391978425458E8,
  "success" : true,
  "worker" : 1,
  "failure" : null,
  "details" : null,
  "entryType" : "measure",
  "platform" : 0,
  "command" : null,
  "testName" : null,
  "hookType" : ""
}, {
  "duration" : 0.060666024684906006,
  "eventName" : "sdk:pre-test",
  "startTime" : 2.980254857305E8,
  "success" : true,
  "worker" : 1,
  "failure" : null,
  "details" : null,
  "entryType" : "measure",
  "platform" : 0,
  "command" : null,
  "testName" : null,
  "hookType" : ""
}, {
  "duration" : 0.049708008766174316,
  "eventName" : "sdk:pre-test",
  "startTime" : 2.98183980185E8,
  "success" : true,
  "worker" : 1,
  "failure" : null,
  "details" : null,
  "entryType" : "measure",
  "platform" : 0,
  "command" : null,
  "testName" : null,
  "hookType" : ""
}, {
  "duration" : 0.0065000057220458984,
  "eventName" : "sdk:post-test",
  "startTime" : 2.98185794288166E8,
  "success" : true,
  "worker" : 1,
  "failure" : null,
  "details" : null,
  "entryType" : "measure",
  "platform" : 0,
  "command" : null,
  "testName" : null,
  "hookType" : ""
}, {
  "duration" : 0.10462498664855957,
  "eventName" : "sdk:pre-test",
  "startTime" : 2.982858555235E8,
  "success" : true,
  "worker" : 1,
  "failure" : null,
  "details" : null,
  "entryType" : "measure",
  "platform" : 0,
  "command" : null,
  "testName" : null,
  "hookType" : ""
}, {
  "duration" : 0.03108400001656264,
  "eventName" : "sdk:pre-test",
  "startTime" : 494953.103166,
  "success" : true,
  "worker" : 1,
  "failure" : null,
  "details" : null,
  "entryType" : "measure",
  "platform" : 0,
  "command" : null,
  "testName" : null,
  "hookType" : ""
}, {
  "duration" : 0.03333300165832043,
  "eventName" : "sdk:pre-test",
  "startTime" : 8506794.718584,
  "success" : true,
  "worker" : 1,
  "failure" : null,
  "details" : null,
  "entryType" : "measure",
  "platform" : 0,
  "command" : null,
  "testName" : null,
  "hookType" : ""
}, {
  "duration" : 0.02779199928045273,
  "eventName" : "sdk:pre-test",
  "startTime" : 8570101.600792,
  "success" : true,
  "worker" : 1,
  "failure" : null,
  "details" : null,
  "entryType" : "measure",
  "platform" : 0,
  "command" : null,
  "testName" : null,
  "hookType" : ""
}, {
  "duration" : 0.0064999982714653015,
  "eventName" : "sdk:post-test",
  "startTime" : 8594931.020292,
  "success" : true,
  "worker" : 1,
  "failure" : null,
  "details" : null,
  "entryType" : "measure",
  "platform" : 0,
  "command" : null,
  "testName" : null,
  "hookType" : ""
}, {
  "duration" : 0.05770899914205074,
  "eventName" : "sdk:pre-test",
  "startTime" : 1.078373687875E7,
  "success" : true,
  "worker" : 1,
  "failure" : null,
  "details" : null,
  "entryType" : "measure",
  "platform" : 0,
  "command" : null,
  "testName" : null,
  "hookType" : ""
}, {
  "duration" : 0.023624999448657036,
  "eventName" : "sdk:pre-test",
  "startTime" : 1.1236709280834E7,
  "success" : true,
  "worker" : 1,
  "failure" : null,
  "details" : null,
  "entryType" : "measure",
  "platform" : 0,
  "command" : null,
  "testName" : null,
  "hookType" : ""
}, {
  "duration" : 0.007959000766277313,
  "eventName" : "sdk:post-test",
  "startTime" : 1.133976838925E7,
  "success" : true,
  "worker" : 1,
  "failure" : null,
  "details" : null,
  "entryType" : "measure",
  "platform" : 0,
  "command" : null,
  "testName" : null,
  "hookType" : ""
}, {
  "duration" : 0.029707999899983406,
  "eventName" : "sdk:pre-test",
  "startTime" : 1.1763919503167E7,
  "success" : true,
  "worker" : 1,
  "failure" : null,
  "details" : null,
  "entryType" : "measure",
  "platform" : 0,
  "command" : null,
  "testName" : null,
  "hookType" : ""
}, {
  "duration" : 0.02883400022983551,
  "eventName" : "sdk:pre-test",
  "startTime" : 1.2187938329875E7,
  "success" : true,
  "worker" : 1,
  "failure" : null,
  "details" : null,
  "entryType" : "measure",
  "platform" : 0,
  "command" : null,
  "testName" : null,
  "hookType" : ""
}, {
  "duration" : 0.013375001028180122,
  "eventName" : "sdk:post-test",
  "startTime" : 1.2264593051334E7,
  "success" : true,
  "worker" : 1,
  "failure" : null,
  "details" : null,
  "entryType" : "measure",
  "platform" : 0,
  "command" : null,
  "testName" : null,
  "hookType" : ""
}, {
  "duration" : 0.6977500021457672,
  "eventName" : "sdk:pre-test",
  "startTime" : 2.9602106918792E7,
  "success" : true,
  "worker" : 1,
  "failure" : null,
  "details" : null,
  "entryType" : "measure",
  "platform" : 0,
  "command" : null,
  "testName" : null,
  "hookType" : ""
}, {
  "duration" : 0.01820800080895424,
  "eventName" : "sdk:post-test",
  "startTime" : 2.9618560672417E7,
  "success" : true,
  "worker" : 1,
  "failure" : null,
  "details" : null,
  "entryType" : "measure",
  "platform" : 0,
  "command" : null,
  "testName" : null,
  "hookType" : ""
}, {
  "duration" : 0.04904099926352501,
  "eventName" : "sdk:pre-test",
  "startTime" : 2.9739679916292E7,
  "success" : true,
  "worker" : 1,
  "failure" : null,
  "details" : null,
  "entryType" : "measure",
  "platform" : 0,
  "command" : null,
  "testName" : null,
  "hookType" : ""
}, {
  "duration" : 0.028874997049570084,
  "eventName" : "sdk:post-test",
  "startTime" : 2.9756515555667E7,
  "success" : true,
  "worker" : 1,
  "failure" : null,
  "details" : null,
  "entryType" : "measure",
  "platform" : 0,
  "command" : null,
  "testName" : null,
  "hookType" : ""
}, {
  "duration" : 0.027875002473592758,
  "eventName" : "sdk:pre-test",
  "startTime" : 2.9899600739667E7,
  "success" : true,
  "worker" : 1,
  "failure" : null,
  "details" : null,
  "entryType" : "measure",
  "platform" : 0,
  "command" : null,
  "testName" : null,
  "hookType" : ""
}, {
  "duration" : 0.005917001515626907,
  "eventName" : "sdk:post-test",
  "startTime" : 2.9957941675708E7,
  "success" : true,
  "worker" : 1,
  "failure" : null,
  "details" : null,
  "entryType" : "measure",
  "platform" : 0,
  "command" : null,
  "testName" : null,
  "hookType" : ""
}, {
  "duration" : 0.048374999314546585,
  "eventName" : "sdk:pre-test",
  "startTime" : 3.0211359249875E7,
  "success" : true,
  "worker" : 1,
  "failure" : null,
  "details" : null,
  "entryType" : "measure",
  "platform" : 0,
  "command" : null,
  "testName" : null,
  "hookType" : ""
}, {
  "duration" : 0.016957998275756836,
  "eventName" : "sdk:post-test",
  "startTime" : 3.0226355141667E7,
  "success" : true,
  "worker" : 1,
  "failure" : null,
  "details" : null,
  "entryType" : "measure",
  "platform" : 0,
  "command" : null,
  "testName" : null,
  "hookType" : ""
}, {
  "duration" : 0.0773329995572567,
  "eventName" : "sdk:pre-test",
  "startTime" : 3.0601182468375E7,
  "success" : true,
  "worker" : 1,
  "failure" : null,
  "details" : null,
  "entryType" : "measure",
  "platform" : 0,
  "command" : null,
  "testName" : null,
  "hookType" : ""
}, {
  "duration" : 0.012166999280452728,
  "eventName" : "sdk:post-test",
  "startTime" : 3.0616874407708E7,
  "success" : true,
  "worker" : 1,
  "failure" : null,
  "details" : null,
  "entryType" : "measure",
  "platform" : 0,
  "command" : null,
  "testName" : null,
  "hookType" : ""
}, {
  "duration" : 0.05545800179243088,
  "eventName" : "sdk:pre-test",
  "startTime" : 3.0994755465917E7,
  "success" : true,
  "worker" : 1,
  "failure" : null,
  "details" : null,
  "entryType" : "measure",
  "platform" : 0,
  "command" : null,
  "testName" : null,
  "hookType" : ""
}, {
  "duration" : 0.029249999672174454,
  "eventName" : "sdk:pre-test",
  "startTime" : 3.1061541192458E7,
  "success" : true,
  "worker" : 1,
  "failure" : null,
  "details" : null,
  "entryType" : "measure",
  "platform" : 0,
  "command" : null,
  "testName" : null,
  "hookType" : ""
}, {
  "duration" : 0.007041998207569122,
  "eventName" : "sdk:post-test",
  "startTime" : 3.1115413815083E7,
  "success" : true,
  "worker" : 1,
  "failure" : null,
  "details" : null,
  "entryType" : "measure",
  "platform" : 0,
  "command" : null,
  "testName" : null,
  "hookType" : ""
}, {
  "duration" : 0.05237499624490738,
  "eventName" : "sdk:pre-test",
  "startTime" : 4.5196866162375E7,
  "success" : true,
  "worker" : 1,
  "failure" : null,
  "details" : null,
  "entryType" : "measure",
  "platform" : 0,
  "command" : null,
  "testName" : null,
  "hookType" : ""
}, {
  "duration" : 0.05129200220108032,
  "eventName" : "sdk:pre-test",
  "startTime" : 4.548639219225E7,
  "success" : true,
  "worker" : 1,
  "failure" : null,
  "details" : null,
  "entryType" : "measure",
  "platform" : 0,
  "command" : null,
  "testName" : null,
  "hookType" : ""
}, {
  "duration" : 0.042709000408649445,
  "eventName" : "sdk:post-test",
  "startTime" : 4.5537616544083E7,
  "success" : true,
  "worker" : 1,
  "failure" : null,
  "details" : null,
  "entryType" : "measure",
  "platform" : 0,
  "command" : null,
  "testName" : null,
  "hookType" : ""
}, {
  "duration" : 0.031000003218650818,
  "eventName" : "sdk:pre-test",
  "startTime" : 4.5652198830083E7,
  "success" : true,
  "worker" : 1,
  "failure" : null,
  "details" : null,
  "entryType" : "measure",
  "platform" : 0,
  "command" : null,
  "testName" : null,
  "hookType" : ""
}, {
  "duration" : 0.008708998560905457,
  "eventName" : "sdk:post-test",
  "startTime" : 4.5699899917958E7,
  "success" : true,
  "worker" : 1,
  "failure" : null,
  "details" : null,
  "entryType" : "measure",
  "platform" : 0,
  "command" : null,
  "testName" : null,
  "hookType" : ""
}, {
  "duration" : 0.0385420024394989,
  "eventName" : "sdk:pre-test",
  "startTime" : 5.3347326379333E7,
  "success" : true,
  "worker" : 1,
  "failure" : null,
  "details" : null,
  "entryType" : "measure",
  "platform" : 0,
  "command" : null,
  "testName" : null,
  "hookType" : ""
}, {
  "duration" : 0.007833003997802734,
  "eventName" : "sdk:post-test",
  "startTime" : 5.34433179945E7,
  "success" : true,
  "worker" : 1,
  "failure" : null,
  "details" : null,
  "entryType" : "measure",
  "platform" : 0,
  "command" : null,
  "testName" : null,
  "hookType" : ""
}, {
  "duration" : 0.029916003346443176,
  "eventName" : "sdk:pre-test",
  "startTime" : 5.3528344306917E7,
  "success" : true,
  "worker" : 1,
  "failure" : null,
  "details" : null,
  "entryType" : "measure",
  "platform" : 0,
  "command" : null,
  "testName" : null,
  "hookType" : ""
}, {
  "duration" : 0.03683299571275711,
  "eventName" : "sdk:pre-test",
  "startTime" : 5.4027297753875E7,
  "success" : true,
  "worker" : 1,
  "failure" : null,
  "details" : null,
  "entryType" : "measure",
  "platform" : 0,
  "command" : null,
  "testName" : null,
  "hookType" : ""
}, {
  "duration" : 0.042500004172325134,
  "eventName" : "sdk:pre-test",
  "startTime" : 5.4070951590417E7,
  "success" : true,
  "worker" : 1,
  "failure" : null,
  "details" : null,
  "entryType" : "measure",
  "platform" : 0,
  "command" : null,
  "testName" : null,
  "hookType" : ""
}, {
  "duration" : 0.008083999156951904,
  "eventName" : "sdk:post-test",
  "startTime" : 5.4146269410083E7,
  "success" : true,
  "worker" : 1,
  "failure" : null,
  "details" : null,
  "entryType" : "measure",
  "platform" : 0,
  "command" : null,
  "testName" : null,
  "hookType" : ""
}, {
  "duration" : 0.02741599828004837,
  "eventName" : "sdk:pre-test",
  "startTime" : 5.5054308805542E7,
  "success" : true,
  "worker" : 1,
  "failure" : null,
  "details" : null,
  "entryType" : "measure",
  "platform" : 0,
  "command" : null,
  "testName" : null,
  "hookType" : ""
}, {
  "duration" : 0.04716700315475464,
  "eventName" : "sdk:pre-test",
  "startTime" : 5.5173302563875E7,
  "success" : true,
  "worker" : 1,
  "failure" : null,
  "details" : null,
  "entryType" : "measure",
  "platform" : 0,
  "command" : null,
  "testName" : null,
  "hookType" : ""
}, {
  "duration" : 0.011249996721744537,
  "eventName" : "sdk:post-test",
  "startTime" : 5.5248988887125E7,
  "success" : true,
  "worker" : 1,
  "failure" : null,
  "details" : null,
  "entryType" : "measure",
  "platform" : 0,
  "command" : null,
  "testName" : null,
  "hookType" : ""
}, {
  "duration" : 0.027083002030849457,
  "eventName" : "sdk:pre-test",
  "startTime" : 6.6324140350084E7,
  "success" : true,
  "worker" : 1,
  "failure" : null,
  "details" : null,
  "entryType" : "measure",
  "platform" : 0,
  "command" : null,
  "testName" : null,
  "hookType" : ""
}, {
  "duration" : 0.028999999165534973,
  "eventName" : "sdk:pre-test",
  "startTime" : 7.3124351529709E7,
  "success" : true,
  "worker" : 1,
  "failure" : null,
  "details" : null,
  "entryType" : "measure",
  "platform" : 0,
  "command" : null,
  "testName" : null,
  "hookType" : ""
}, {
  "duration" : 0.0058339983224868774,
  "eventName" : "sdk:post-test",
  "startTime" : 7.31538734985E7,
  "success" : true,
  "worker" : 1,
  "failure" : null,
  "details" : null,
  "entryType" : "measure",
  "platform" : 0,
  "command" : null,
  "testName" : null,
  "hookType" : ""
}, {
  "duration" : 0.04754200577735901,
  "eventName" : "sdk:pre-test",
  "startTime" : 7.8668394417542E7,
  "success" : true,
  "worker" : 1,
  "failure" : null,
  "details" : null,
  "entryType" : "measure",
  "platform" : 0,
  "command" : null,
  "testName" : null,
  "hookType" : ""
}, {
  "duration" : 0.0772089958190918,
  "eventName" : "sdk:post-test",
  "startTime" : 7.8725035743375E7,
  "success" : true,
  "worker" : 1,
  "failure" : null,
  "details" : null,
  "entryType" : "measure",
  "platform" : 0,
  "command" : null,
  "testName" : null,
  "hookType" : ""
}, {
  "duration" : 0.762707993388176,
  "eventName" : "sdk:pre-test",
  "startTime" : 1.008462924675E8,
  "success" : true,
  "worker" : 1,
  "failure" : null,
  "details" : null,
  "entryType" : "measure",
  "platform" : 0,
  "command" : null,
  "testName" : null,
  "hookType" : ""
}, {
  "duration" : 0.015125006437301636,
  "eventName" : "sdk:post-test",
  "startTime" : 1.00901657324625E8,
  "success" : true,
  "worker" : 1,
  "failure" : null,
  "details" : null,
  "entryType" : "measure",
  "platform" : 0,
  "command" : null,
  "testName" : null,
  "hookType" : ""
}, {
  "duration" : 0.050334006547927856,
  "eventName" : "sdk:pre-test",
  "startTime" : 1.01310030903958E8,
  "success" : true,
  "worker" : 1,
  "failure" : null,
  "details" : null,
  "entryType" : "measure",
  "platform" : 0,
  "command" : null,
  "testName" : null,
  "hookType" : ""
}, {
  "duration" : 0.05045799911022186,
  "eventName" : "sdk:post-test",
  "startTime" : 1.01364958088125E8,
  "success" : true,
  "worker" : 1,
  "failure" : null,
  "details" : null,
  "entryType" : "measure",
  "platform" : 0,
  "command" : null,
  "testName" : null,
  "hookType" : ""
}, {
  "duration" : 0.05195900797843933,
  "eventName" : "sdk:pre-test",
  "startTime" : 1.02587634640708E8,
  "success" : true,
  "worker" : 1,
  "failure" : null,
  "details" : null,
  "entryType" : "measure",
  "platform" : 0,
  "command" : null,
  "testName" : null,
  "hookType" : ""
}, {
  "duration" : 0.03587499260902405,
  "eventName" : "sdk:post-test",
  "startTime" : 1.02640748938167E8,
  "success" : true,
  "worker" : 1,
  "failure" : null,
  "details" : null,
  "entryType" : "measure",
  "platform" : 0,
  "command" : null,
  "testName" : null,
  "hookType" : ""
}, {
  "duration" : 0.04708300530910492,
  "eventName" : "sdk:pre-test",
  "startTime" : 1.10417109776042E8,
  "success" : true,
  "worker" : 1,
  "failure" : null,
  "details" : null,
  "entryType" : "measure",
  "platform" : 0,
  "command" : null,
  "testName" : null,
  "hookType" : ""
}, {
  "duration" : 0.018000006675720215,
  "eventName" : "sdk:post-test",
  "startTime" : 1.104758877305E8,
  "success" : true,
  "worker" : 1,
  "failure" : null,
  "details" : null,
  "entryType" : "measure",
  "platform" : 0,
  "command" : null,
  "testName" : null,
  "hookType" : ""
}, {
  "duration" : 0.05158299207687378,
  "eventName" : "sdk:pre-test",
  "startTime" : 1.50025976152208E8,
  "success" : true,
  "worker" : 1,
  "failure" : null,
  "details" : null,
  "entryType" : "measure",
  "platform" : 0,
  "command" : null,
  "testName" : null,
  "hookType" : ""
}, {
  "duration" : 0.016666024923324585,
  "eventName" : "sdk:post-test",
  "startTime" : 1.5002870298825E8,
  "success" : true,
  "worker" : 1,
  "failure" : null,
  "details" : null,
  "entryType" : "measure",
  "platform" : 0,
  "command" : null,
  "testName" : null,
  "hookType" : ""
}, {
  "duration" : 0.06070801615715027,
  "eventName" : "sdk:pre-test",
  "startTime" : 1.50055605547E8,
  "success" : true,
  "worker" : 1,
  "failure" : null,
  "details" : null,
  "entryType" : "measure",
  "platform" : 0,
  "command" : null,
  "testName" : null,
  "hookType" : ""
}, {
  "duration" : 0.009333997964859009,
  "eventName" : "sdk:post-test",
  "startTime" : 1.50063244264541E8,
  "success" : true,
  "worker" : 1,
  "failure" : null,
  "details" : null,
  "entryType" : "measure",
  "platform" : 0,
  "command" : null,
  "testName" : null,
  "hookType" : ""
}, {
  "duration" : 0.05449998378753662,
  "eventName" : "sdk:pre-test",
  "startTime" : 1.50213847375041E8,
  "success" : true,
  "worker" : 1,
  "failure" : null,
  "details" : null,
  "entryType" : "measure",
  "platform" : 0,
  "command" : null,
  "testName" : null,
  "hookType" : ""
}, {
  "duration" : 0.02912500500679016,
  "eventName" : "sdk:post-test",
  "startTime" : 1.50221029079375E8,
  "success" : true,
  "worker" : 1,
  "failure" : null,
  "details" : null,
  "entryType" : "measure",
  "platform" : 0,
  "command" : null,
  "testName" : null,
  "hookType" : ""
}, {
  "duration" : 0.05412501096725464,
  "eventName" : "sdk:pre-test",
  "startTime" : 1.50339470725833E8,
  "success" : true,
  "worker" : 1,
  "failure" : null,
  "details" : null,
  "entryType" : "measure",
  "platform" : 0,
  "command" : null,
  "testName" : null,
  "hookType" : ""
}, {
  "duration" : 0.018292009830474854,
  "eventName" : "sdk:post-test",
  "startTime" : 1.50346809681458E8,
  "success" : true,
  "worker" : 1,
  "failure" : null,
  "details" : null,
  "entryType" : "measure",
  "platform" : 0,
  "command" : null,
  "testName" : null,
  "hookType" : ""
}, {
  "duration" : 0.0541670024394989,
  "eventName" : "sdk:pre-test",
  "startTime" : 1.50402143400916E8,
  "success" : true,
  "worker" : 1,
  "failure" : null,
  "details" : null,
  "entryType" : "measure",
  "platform" : 0,
  "command" : null,
  "testName" : null,
  "hookType" : ""
}, {
  "duration" : 0.013541996479034424,
  "eventName" : "sdk:post-test",
  "startTime" : 1.50409903413541E8,
  "success" : true,
  "worker" : 1,
  "failure" : null,
  "details" : null,
  "entryType" : "measure",
  "platform" : 0,
  "command" : null,
  "testName" : null,
  "hookType" : ""
}, {
  "duration" : 0.04820901155471802,
  "eventName" : "sdk:pre-test",
  "startTime" : 1.50520253487416E8,
  "success" : true,
  "worker" : 1,
  "failure" : null,
  "details" : null,
  "entryType" : "measure",
  "platform" : 0,
  "command" : null,
  "testName" : null,
  "hookType" : ""
}, {
  "duration" : 0.020125001668930054,
  "eventName" : "sdk:post-test",
  "startTime" : 1.50530896222166E8,
  "success" : true,
  "worker" : 1,
  "failure" : null,
  "details" : null,
  "entryType" : "measure",
  "platform" : 0,
  "command" : null,
  "testName" : null,
  "hookType" : ""
}, {
  "duration" : 0.0611250102519989,
  "eventName" : "sdk:pre-test",
  "startTime" : 1.50751080262958E8,
  "success" : true,
  "worker" : 1,
  "failure" : null,
  "details" : null,
  "entryType" : "measure",
  "platform" : 0,
  "command" : null,
  "testName" : null,
  "hookType" : ""
}, {
  "duration" : 0.01641598343849182,
  "eventName" : "sdk:post-test",
  "startTime" : 1.50829498127E8,
  "success" : true,
  "worker" : 1,
  "failure" : null,
  "details" : null,
  "entryType" : "measure",
  "platform" : 0,
  "command" : null,
  "testName" : null,
  "hookType" : ""
}, {
  "duration" : 0.06229099631309509,
  "eventName" : "sdk:pre-test",
  "startTime" : 1.5115995487875E8,
  "success" : true,
  "worker" : 1,
  "failure" : null,
  "details" : null,
  "entryType" : "measure",
  "platform" : 0,
  "command" : null,
  "testName" : null,
  "hookType" : ""
}, {
  "duration" : 0.007917016744613647,
  "eventName" : "sdk:post-test",
  "startTime" : 1.51218192812333E8,
  "success" : true,
  "worker" : 1,
  "failure" : null,
  "details" : null,
  "entryType" : "measure",
  "platform" : 0,
  "command" : null,
  "testName" : null,
  "hookType" : ""
}, {
  "duration" : 0.048583000898361206,
  "eventName" : "sdk:pre-test",
  "startTime" : 1.51492453726083E8,
  "success" : true,
  "worker" : 1,
  "failure" : null,
  "details" : null,
  "entryType" : "measure",
  "platform" : 0,
  "command" : null,
  "testName" : null,
  "hookType" : ""
}, {
  "duration" : 0.017625004053115845,
  "eventName" : "sdk:post-test",
  "startTime" : 1.51532325717E8,
  "success" : true,
  "worker" : 1,
  "failure" : null,
  "details" : null,
  "entryType" : "measure",
  "platform" : 0,
  "command" : null,
  "testName" : null,
  "hookType" : ""
}, {
  "duration" : 0.057624995708465576,
  "eventName" : "sdk:pre-test",
  "startTime" : 1.5161390727225E8,
  "success" : true,
  "worker" : 1,
  "failure" : null,
  "details" : null,
  "entryType" : "measure",
  "platform" : 0,
  "command" : null,
  "testName" : null,
  "hookType" : ""
}, {
  "duration" : 0.04520800709724426,
  "eventName" : "sdk:post-test",
  "startTime" : 1.51647167257E8,
  "success" : true,
  "worker" : 1,
  "failure" : null,
  "details" : null,
  "entryType" : "measure",
  "platform" : 0,
  "command" : null,
  "testName" : null,
  "hookType" : ""
}, {
  "duration" : 0.058292001485824585,
  "eventName" : "sdk:pre-test",
  "startTime" : 2.22072253672958E8,
  "success" : true,
  "worker" : 1,
  "failure" : null,
  "details" : null,
  "entryType" : "measure",
  "platform" : 0,
  "command" : null,
  "testName" : null,
  "hookType" : ""
}, {
  "duration" : 0.0221250057220459,
  "eventName" : "sdk:post-test",
  "startTime" : 2.22119184335208E8,
  "success" : true,
  "worker" : 1,
  "failure" : null,
  "details" : null,
  "entryType" : "measure",
  "platform" : 0,
  "command" : null,
  "testName" : null,
  "hookType" : ""
}, {
  "duration" : 0.0482499897480011,
  "eventName" : "sdk:pre-test",
  "startTime" : 2.22342025087625E8,
  "success" : true,
  "worker" : 1,
  "failure" : null,
  "details" : null,
  "entryType" : "measure",
  "platform" : 0,
  "command" : null,
  "testName" : null,
  "hookType" : ""
}, {
  "duration" : 0.024875015020370483,
  "eventName" : "sdk:post-test",
  "startTime" : 2.2238683708525E8,
  "success" : true,
  "worker" : 1,
  "failure" : null,
  "details" : null,
  "entryType" : "measure",
  "platform" : 0,
  "command" : null,
  "testName" : null,
  "hookType" : ""
}, {
  "duration" : 0.05012500286102295,
  "eventName" : "sdk:pre-test",
  "startTime" : 2.26188711149708E8,
  "success" : true,
  "worker" : 1,
  "failure" : null,
  "details" : null,
  "entryType" : "measure",
  "platform" : 0,
  "command" : null,
  "testName" : null,
  "hookType" : ""
}, {
  "duration" : 0.03316700458526611,
  "eventName" : "sdk:post-test",
  "startTime" : 2.26240119785041E8,
  "success" : true,
  "worker" : 1,
  "failure" : null,
  "details" : null,
  "entryType" : "measure",
  "platform" : 0,
  "command" : null,
  "testName" : null,
  "hookType" : ""
}, {
  "duration" : 0.05320802330970764,
  "eventName" : "sdk:pre-test",
  "startTime" : 2.269761171885E8,
  "success" : true,
  "worker" : 1,
  "failure" : null,
  "details" : null,
  "entryType" : "measure",
  "platform" : 0,
  "command" : null,
  "testName" : null,
  "hookType" : ""
}, {
  "duration" : 0.03495800495147705,
  "eventName" : "sdk:post-test",
  "startTime" : 2.27022334388583E8,
  "success" : true,
  "worker" : 1,
  "failure" : null,
  "details" : null,
  "entryType" : "measure",
  "platform" : 0,
  "command" : null,
  "testName" : null,
  "hookType" : ""
}, {
  "duration" : 0.04537501931190491,
  "eventName" : "sdk:pre-test",
  "startTime" : 2.27135297091166E8,
  "success" : true,
  "worker" : 1,
  "failure" : null,
  "details" : null,
  "entryType" : "measure",
  "platform" : 0,
  "command" : null,
  "testName" : null,
  "hookType" : ""
}, {
  "duration" : 0.020500004291534424,
  "eventName" : "sdk:post-test",
  "startTime" : 2.27171220965208E8,
  "success" : true,
  "worker" : 1,
  "failure" : null,
  "details" : null,
  "entryType" : "measure",
  "platform" : 0,
  "command" : null,
  "testName" : null,
  "hookType" : ""
}, {
  "duration" : 0.044499993324279785,
  "eventName" : "sdk:pre-test",
  "startTime" : 2.27244367125875E8,
  "success" : true,
  "worker" : 1,
  "failure" : null,
  "details" : null,
  "entryType" : "measure",
  "platform" : 0,
  "command" : null,
  "testName" : null,
  "hookType" : ""
}, {
  "duration" : 0.010708004236221313,
  "eventName" : "sdk:post-test",
  "startTime" : 2.27287775959333E8,
  "success" : true,
  "worker" : 1,
  "failure" : null,
  "details" : null,
  "entryType" : "measure",
  "platform" : 0,
  "command" : null,
  "testName" : null,
  "hookType" : ""
}, {
  "duration" : 0.04829198122024536,
  "eventName" : "sdk:pre-test",
  "startTime" : 2.28580359032041E8,
  "success" : true,
  "worker" : 1,
  "failure" : null,
  "details" : null,
  "entryType" : "measure",
  "platform" : 0,
  "command" : null,
  "testName" : null,
  "hookType" : ""
}, {
  "duration" : 0.012082993984222412,
  "eventName" : "sdk:post-test",
  "startTime" : 2.28613425075583E8,
  "success" : true,
  "worker" : 1,
  "failure" : null,
  "details" : null,
  "entryType" : "measure",
  "platform" : 0,
  "command" : null,
  "testName" : null,
  "hookType" : ""
}, {
  "duration" : 0.06233301758766174,
  "eventName" : "sdk:pre-test",
  "startTime" : 2.28728082315208E8,
  "success" : true,
  "worker" : 1,
  "failure" : null,
  "details" : null,
  "entryType" : "measure",
  "platform" : 0,
  "command" : null,
  "testName" : null,
  "hookType" : ""
}, {
  "duration" : 0.012082993984222412,
  "eventName" : "sdk:post-test",
  "startTime" : 2.287753866925E8,
  "success" : true,
  "worker" : 1,
  "failure" : null,
  "details" : null,
  "entryType" : "measure",
  "platform" : 0,
  "command" : null,
  "testName" : null,
  "hookType" : ""
}, {
  "duration" : 0.0652499794960022,
  "eventName" : "sdk:pre-test",
  "startTime" : 2.28837876293166E8,
  "success" : true,
  "worker" : 1,
  "failure" : null,
  "details" : null,
  "entryType" : "measure",
  "platform" : 0,
  "command" : null,
  "testName" : null,
  "hookType" : ""
}, {
  "duration" : 0.03804200887680054,
  "eventName" : "sdk:post-test",
  "startTime" : 2.28892442948041E8,
  "success" : true,
  "worker" : 1,
  "failure" : null,
  "details" : null,
  "entryType" : "measure",
  "platform" : 0,
  "command" : null,
  "testName" : null,
  "hookType" : ""
}, {
  "duration" : 0.06024998426437378,
  "eventName" : "sdk:pre-test",
  "startTime" : 2.29181632554625E8,
  "success" : true,
  "worker" : 1,
  "failure" : null,
  "details" : null,
  "entryType" : "measure",
  "platform" : 0,
  "command" : null,
  "testName" : null,
  "hookType" : ""
}, {
  "duration" : 0.010625004768371582,
  "eventName" : "sdk:post-test",
  "startTime" : 2.29322877392708E8,
  "success" : true,
  "worker" : 1,
  "failure" : null,
  "details" : null,
  "entryType" : "measure",
  "platform" : 0,
  "command" : null,
  "testName" : null,
  "hookType" : ""
}, {
  "duration" : 0.05158400535583496,
  "eventName" : "sdk:pre-test",
  "startTime" : 2.29646582885791E8,
  "success" : true,
  "worker" : 1,
  "failure" : null,
  "details" : null,
  "entryType" : "measure",
  "platform" : 0,
  "command" : null,
  "testName" : null,
  "hookType" : ""
}, {
  "duration" : 0.005624979734420776,
  "eventName" : "sdk:post-test",
  "startTime" : 2.29714585384833E8,
  "success" : true,
  "worker" : 1,
  "failure" : null,
  "details" : null,
  "entryType" : "measure",
  "platform" : 0,
  "command" : null,
  "testName" : null,
  "hookType" : ""
}, {
  "duration" : 0.07079198956489563,
  "eventName" : "sdk:pre-test",
  "startTime" : 2.29741734179791E8,
  "success" : true,
  "worker" : 1,
  "failure" : null,
  "details" : null,
  "entryType" : "measure",
  "platform" : 0,
  "command" : null,
  "testName" : null,
  "hookType" : ""
}, {
  "duration" : 0.024625003337860107,
  "eventName" : "sdk:post-test",
  "startTime" : 2.29841254669125E8,
  "success" : true,
  "worker" : 1,
  "failure" : null,
  "details" : null,
  "entryType" : "measure",
  "platform" : 0,
  "command" : null,
  "testName" : null,
  "hookType" : ""
}, {
  "duration" : 0.04658302664756775,
  "eventName" : "sdk:pre-test",
  "startTime" : 2.30283397981333E8,
  "success" : true,
  "worker" : 1,
  "failure" : null,
  "details" : null,
  "entryType" : "measure",
  "platform" : 0,
  "command" : null,
  "testName" : null,
  "hookType" : ""
}, {
  "duration" : 0.033207982778549194,
  "eventName" : "sdk:post-test",
  "startTime" : 2.30370841744958E8,
  "success" : true,
  "worker" : 1,
  "failure" : null,
  "details" : null,
  "entryType" : "measure",
  "platform" : 0,
  "command" : null,
  "testName" : null,
  "hookType" : ""
}, {
  "duration" : 0.056791990995407104,
  "eventName" : "sdk:pre-test",
  "startTime" : 2.30937385524208E8,
  "success" : true,
  "worker" : 1,
  "failure" : null,
  "details" : null,
  "entryType" : "measure",
  "platform" : 0,
  "command" : null,
  "testName" : null,
  "hookType" : ""
}, {
  "duration" : 0.04341697692871094,
  "eventName" : "sdk:post-test",
  "startTime" : 2.30997601427666E8,
  "success" : true,
  "worker" : 1,
  "failure" : null,
  "details" : null,
  "entryType" : "measure",
  "platform" : 0,
  "command" : null,
  "testName" : null,
  "hookType" : ""
}, {
  "duration" : 0.06220799684524536,
  "eventName" : "sdk:pre-test",
  "startTime" : 2.38201437632792E8,
  "success" : true,
  "worker" : 1,
  "failure" : null,
  "details" : null,
  "entryType" : "measure",
  "platform" : 0,
  "command" : null,
  "testName" : null,
  "hookType" : ""
}, {
  "duration" : 0.017666995525360107,
  "eventName" : "sdk:post-test",
  "startTime" : 2.38231583142625E8,
  "success" : true,
  "worker" : 1,
  "failure" : null,
  "details" : null,
  "entryType" : "measure",
  "platform" : 0,
  "command" : null,
  "testName" : null,
  "hookType" : ""
}, {
  "duration" : 0.05237498879432678,
  "eventName" : "sdk:pre-test",
  "startTime" : 2.38458829352E8,
  "success" : true,
  "worker" : 1,
  "failure" : null,
  "details" : null,
  "entryType" : "measure",
  "platform" : 0,
  "command" : null,
  "testName" : null,
  "hookType" : ""
}, {
  "duration" : 0.020624995231628418,
  "eventName" : "sdk:post-test",
  "startTime" : 2.3849648236725E8,
  "success" : true,
  "worker" : 1,
  "failure" : null,
  "details" : null,
  "entryType" : "measure",
  "platform" : 0,
  "command" : null,
  "testName" : null,
  "hookType" : ""
}, {
  "duration" : 0.05274999141693115,
  "eventName" : "sdk:pre-test",
  "startTime" : 2.40062219502458E8,
  "success" : true,
  "worker" : 1,
  "failure" : null,
  "details" : null,
  "entryType" : "measure",
  "platform" : 0,
  "command" : null,
  "testName" : null,
  "hookType" : ""
}, {
  "duration" : 0.011500000953674316,
  "eventName" : "sdk:post-test",
  "startTime" : 2.401001602305E8,
  "success" : true,
  "worker" : 1,
  "failure" : null,
  "details" : null,
  "entryType" : "measure",
  "platform" : 0,
  "command" : null,
  "testName" : null,
  "hookType" : ""
}, {
  "duration" : 0.06666702032089233,
  "eventName" : "sdk:pre-test",
  "startTime" : 2.40209972209458E8,
  "success" : true,
  "worker" : 1,
  "failure" : null,
  "details" : null,
  "entryType" : "measure",
  "platform" : 0,
  "command" : null,
  "testName" : null,
  "hookType" : ""
}, {
  "duration" : 0.01054200530052185,
  "eventName" : "sdk:post-test",
  "startTime" : 2.4025064017725E8,
  "success" : true,
  "worker" : 1,
  "failure" : null,
  "details" : null,
  "entryType" : "measure",
  "platform" : 0,
  "command" : null,
  "testName" : null,
  "hookType" : ""
}, {
  "duration" : 0.052958011627197266,
  "eventName" : "sdk:pre-test",
  "startTime" : 3.15549148166874E8,
  "success" : true,
  "worker" : 1,
  "failure" : null,
  "details" : null,
  "entryType" : "measure",
  "platform" : 0,
  "command" : null,
  "testName" : null,
  "hookType" : ""
}, {
  "duration" : 0.06104099750518799,
  "eventName" : "sdk:post-test",
  "startTime" : 3.15582880986791E8,
  "success" : true,
  "worker" : 1,
  "failure" : null,
  "details" : null,
  "entryType" : "measure",
  "platform" : 0,
  "command" : null,
  "testName" : null,
  "hookType" : ""
}, {
  "duration" : 0.057874977588653564,
  "eventName" : "sdk:pre-test",
  "startTime" : 3.15769790174707E8,
  "success" : true,
  "worker" : 1,
  "failure" : null,
  "details" : null,
  "entryType" : "measure",
  "platform" : 0,
  "command" : null,
  "testName" : null,
  "hookType" : ""
}, {
  "duration" : 0.04079103469848633,
  "eventName" : "sdk:post-test",
  "startTime" : 3.15822470445416E8,
  "success" : true,
  "worker" : 1,
  "failure" : null,
  "details" : null,
  "entryType" : "measure",
  "platform" : 0,
  "command" : null,
  "testName" : null,
  "hookType" : ""
}, {
  "duration" : 0.06345796585083008,
  "eventName" : "sdk:pre-test",
  "startTime" : 3.20857644025583E8,
  "success" : true,
  "worker" : 1,
  "failure" : null,
  "details" : null,
  "entryType" : "measure",
  "platform" : 0,
  "command" : null,
  "testName" : null,
  "hookType" : ""
}, {
  "duration" : 0.048708975315093994,
  "eventName" : "sdk:pre-test",
  "startTime" : 3.21345604186791E8,
  "success" : true,
  "worker" : 1,
  "failure" : null,
  "details" : null,
  "entryType" : "measure",
  "platform" : 0,
  "command" : null,
  "testName" : null,
  "hookType" : ""
}, {
  "duration" : 0.0538330078125,
  "eventName" : "sdk:pre-test",
  "startTime" : 3.21448840407333E8,
  "success" : true,
  "worker" : 1,
  "failure" : null,
  "details" : null,
  "entryType" : "measure",
  "platform" : 0,
  "command" : null,
  "testName" : null,
  "hookType" : ""
}, {
  "duration" : 0.06762504577636719,
  "eventName" : "sdk:pre-test",
  "startTime" : 5.32825730914916E8,
  "success" : true,
  "worker" : 1,
  "failure" : null,
  "details" : null,
  "entryType" : "measure",
  "platform" : 0,
  "command" : null,
  "testName" : null,
  "hookType" : ""
}, {
  "duration" : 0.023500025272369385,
  "eventName" : "sdk:post-test",
  "startTime" : 5.32886284084499E8,
  "success" : true,
  "worker" : 1,
  "failure" : null,
  "details" : null,
  "entryType" : "measure",
  "platform" : 0,
  "command" : null,
  "testName" : null,
  "hookType" : ""
}, {
  "duration" : 0.05674999952316284,
  "eventName" : "sdk:pre-test",
  "startTime" : 5.33009468229249E8,
  "success" : true,
  "worker" : 1,
  "failure" : null,
  "details" : null,
  "entryType" : "measure",
  "platform" : 0,
  "command" : null,
  "testName" : null,
  "hookType" : ""
}, {
  "duration" : 0.018333017826080322,
  "eventName" : "sdk:post-test",
  "startTime" : 5.33042826481916E8,
  "success" : true,
  "worker" : 1,
  "failure" : null,
  "details" : null,
  "entryType" : "measure",
  "platform" : 0,
  "command" : null,
  "testName" : null,
  "hookType" : ""
}, {
  "duration" : 0.04583299160003662,
  "eventName" : "sdk:pre-test",
  "startTime" : 5.33078835208374E8,
  "success" : true,
  "worker" : 1,
  "failure" : null,
  "details" : null,
  "entryType" : "measure",
  "platform" : 0,
  "command" : null,
  "testName" : null,
  "hookType" : ""
}, {
  "duration" : 0.01858299970626831,
  "eventName" : "sdk:post-test",
  "startTime" : 5.33152933171916E8,
  "success" : true,
  "worker" : 1,
  "failure" : null,
  "details" : null,
  "entryType" : "measure",
  "platform" : 0,
  "command" : null,
  "testName" : null,
  "hookType" : ""
}, {
  "duration" : 0.8717919588088989,
  "eventName" : "sdk:pre-test",
  "startTime" : 5.57787836924208E8,
  "success" : true,
  "worker" : 1,
  "failure" : null,
  "details" : null,
  "entryType" : "measure",
  "platform" : 0,
  "command" : null,
  "testName" : null,
  "hookType" : ""
}, {
  "duration" : 0.0361250638961792,
  "eventName" : "sdk:post-test",
  "startTime" : 5.57824221111208E8,
  "success" : true,
  "worker" : 1,
  "failure" : null,
  "details" : null,
  "entryType" : "measure",
  "platform" : 0,
  "command" : null,
  "testName" : null,
  "hookType" : ""
}, {
  "duration" : 0.0517500638961792,
  "eventName" : "sdk:pre-test",
  "startTime" : 5.57854733052125E8,
  "success" : true,
  "worker" : 1,
  "failure" : null,
  "details" : null,
  "entryType" : "measure",
  "platform" : 0,
  "command" : null,
  "testName" : null,
  "hookType" : ""
}, {
  "duration" : 0.017457962036132812,
  "eventName" : "sdk:post-test",
  "startTime" : 5.579688870625E8,
  "success" : true,
  "worker" : 1,
  "failure" : null,
  "details" : null,
  "entryType" : "measure",
  "platform" : 0,
  "command" : null,
  "testName" : null,
  "hookType" : ""
}, {
  "duration" : 0.05420804023742676,
  "eventName" : "sdk:pre-test",
  "startTime" : 5.582686256285E8,
  "success" : true,
  "worker" : 1,
  "failure" : null,
  "details" : null,
  "entryType" : "measure",
  "platform" : 0,
  "command" : null,
  "testName" : null,
  "hookType" : ""
}, {
  "duration" : 0.03958296775817871,
  "eventName" : "sdk:post-test",
  "startTime" : 5.58392825502333E8,
  "success" : true,
  "worker" : 1,
  "failure" : null,
  "details" : null,
  "entryType" : "measure",
  "platform" : 0,
  "command" : null,
  "testName" : null,
  "hookType" : ""
}, {
  "duration" : 0.05020797252655029,
  "eventName" : "sdk:pre-test",
  "startTime" : 5.58731751293625E8,
  "success" : true,
  "worker" : 1,
  "failure" : null,
  "details" : null,
  "entryType" : "measure",
  "platform" : 0,
  "command" : null,
  "testName" : null,
  "hookType" : ""
}, {
  "duration" : 0.01816701889038086,
  "eventName" : "sdk:post-test",
  "startTime" : 5.58884865370291E8,
  "success" : true,
  "worker" : 1,
  "failure" : null,
  "details" : null,
  "entryType" : "measure",
  "platform" : 0,
  "command" : null,
  "testName" : null,
  "hookType" : ""
}, {
  "duration" : 0.054708000272512436,
  "eventName" : "sdk:pre-test",
  "startTime" : 1.2431821820334E7,
  "success" : true,
  "worker" : 1,
  "failure" : null,
  "details" : null,
  "entryType" : "measure",
  "platform" : 0,
  "command" : null,
  "testName" : null,
  "hookType" : ""
}, {
  "duration" : 0.02837500162422657,
  "eventName" : "sdk:post-test",
  "startTime" : 1.243445535625E7,
  "success" : true,
  "worker" : 1,
  "failure" : null,
  "details" : null,
  "entryType" : "measure",
  "platform" : 0,
  "command" : null,
  "testName" : null,
  "hookType" : ""
}, {
  "duration" : 0.051083000376820564,
  "eventName" : "sdk:pre-test",
  "startTime" : 1.2834198840209E7,
  "success" : true,
  "worker" : 1,
  "failure" : null,
  "details" : null,
  "entryType" : "measure",
  "platform" : 0,
  "command" : null,
  "testName" : null,
  "hookType" : ""
}, {
  "duration" : 0.009958000853657722,
  "eventName" : "sdk:post-test",
  "startTime" : 1.2837110785709E7,
  "success" : true,
  "worker" : 1,
  "failure" : null,
  "details" : null,
  "entryType" : "measure",
  "platform" : 0,
  "command" : null,
  "testName" : null,
  "hookType" : ""
}, {
  "duration" : 0.054958000779151917,
  "eventName" : "sdk:pre-test",
  "startTime" : 1.2917999245542E7,
  "success" : true,
  "worker" : 1,
  "failure" : null,
  "details" : null,
  "entryType" : "measure",
  "platform" : 0,
  "command" : null,
  "testName" : null,
  "hookType" : ""
}, {
  "duration" : 0.01295899972319603,
  "eventName" : "sdk:post-test",
  "startTime" : 1.2921214568875E7,
  "success" : true,
  "worker" : 1,
  "failure" : null,
  "details" : null,
  "entryType" : "measure",
  "platform" : 0,
  "command" : null,
  "testName" : null,
  "hookType" : ""
}, {
  "duration" : 0.06241700053215027,
  "eventName" : "sdk:pre-test",
  "startTime" : 1.3931081055875E7,
  "success" : true,
  "worker" : 1,
  "failure" : null,
  "details" : null,
  "entryType" : "measure",
  "platform" : 0,
  "command" : null,
  "testName" : null,
  "hookType" : ""
}, {
  "duration" : 0.022583000361919403,
  "eventName" : "sdk:post-test",
  "startTime" : 1.3938794067959E7,
  "success" : true,
  "worker" : 1,
  "failure" : null,
  "details" : null,
  "entryType" : "measure",
  "platform" : 0,
  "command" : null,
  "testName" : null,
  "hookType" : ""
}, {
  "duration" : 0.04962499998509884,
  "eventName" : "sdk:pre-test",
  "startTime" : 1.3976661316625E7,
  "success" : true,
  "worker" : 1,
  "failure" : null,
  "details" : null,
  "entryType" : "measure",
  "platform" : 0,
  "command" : null,
  "testName" : null,
  "hookType" : ""
}, {
  "duration" : 0.004916999489068985,
  "eventName" : "sdk:post-test",
  "startTime" : 1.4004252272375E7,
  "success" : true,
  "worker" : 1,
  "failure" : null,
  "details" : null,
  "entryType" : "measure",
  "platform" : 0,
  "command" : null,
  "testName" : null,
  "hookType" : ""
}, {
  "duration" : 0.04566599987447262,
  "eventName" : "sdk:pre-test",
  "startTime" : 1.4253352442334E7,
  "success" : true,
  "worker" : 1,
  "failure" : null,
  "details" : null,
  "entryType" : "measure",
  "platform" : 0,
  "command" : null,
  "testName" : null,
  "hookType" : ""
}, {
  "duration" : 0.00637500174343586,
  "eventName" : "sdk:post-test",
  "startTime" : 1.4279938862625E7,
  "success" : true,
  "worker" : 1,
  "failure" : null,
  "details" : null,
  "entryType" : "measure",
  "platform" : 0,
  "command" : null,
  "testName" : null,
  "hookType" : ""
}, {
  "duration" : 0.5684580001980066,
  "eventName" : "sdk:pre-test",
  "startTime" : 1.4689885124542E7,
  "success" : true,
  "worker" : 1,
  "failure" : null,
  "details" : null,
  "entryType" : "measure",
  "platform" : 0,
  "command" : null,
  "testName" : null,
  "hookType" : ""
}, {
  "duration" : 0.008291998878121376,
  "eventName" : "sdk:post-test",
  "startTime" : 1.4716920829792E7,
  "success" : true,
  "worker" : 1,
  "failure" : null,
  "details" : null,
  "entryType" : "measure",
  "platform" : 0,
  "command" : null,
  "testName" : null,
  "hookType" : ""
}, {
  "duration" : 0.0632920004427433,
  "eventName" : "sdk:pre-test",
  "startTime" : 1.5001994391292E7,
  "success" : true,
  "worker" : 1,
  "failure" : null,
  "details" : null,
  "entryType" : "measure",
  "platform" : 0,
  "command" : null,
  "testName" : null,
  "hookType" : ""
}, {
  "duration" : 0.007666999474167824,
  "eventName" : "sdk:post-test",
  "startTime" : 1.5009340794875E7,
  "success" : true,
  "worker" : 1,
  "failure" : null,
  "details" : null,
  "entryType" : "measure",
  "platform" : 0,
  "command" : null,
  "testName" : null,
  "hookType" : ""
}, {
  "duration" : 0.054874999448657036,
  "eventName" : "sdk:pre-test",
  "startTime" : 1.5343285419459E7,
  "success" : true,
  "worker" : 1,
  "failure" : null,
  "details" : null,
  "entryType" : "measure",
  "platform" : 0,
  "command" : null,
  "testName" : null,
  "hookType" : ""
}, {
  "duration" : 0.038750000298023224,
  "eventName" : "sdk:post-test",
  "startTime" : 1.537010725525E7,
  "success" : true,
  "worker" : 1,
  "failure" : null,
  "details" : null,
  "entryType" : "measure",
  "platform" : 0,
  "command" : null,
  "testName" : null,
  "hookType" : ""
}, {
  "duration" : 0.05112500116229057,
  "eventName" : "sdk:pre-test",
  "startTime" : 1.5833855244584E7,
  "success" : true,
  "worker" : 1,
  "failure" : null,
  "details" : null,
  "entryType" : "measure",
  "platform" : 0,
  "command" : null,
  "testName" : null,
  "hookType" : ""
}, {
  "duration" : 0.010666999965906143,
  "eventName" : "sdk:post-test",
  "startTime" : 1.586189315275E7,
  "success" : true,
  "worker" : 1,
  "failure" : null,
  "details" : null,
  "entryType" : "measure",
  "platform" : 0,
  "command" : null,
  "testName" : null,
  "hookType" : ""
}, {
  "duration" : 0.0536660011857748,
  "eventName" : "sdk:pre-test",
  "startTime" : 1.6616420200334E7,
  "success" : true,
  "worker" : 1,
  "failure" : null,
  "details" : null,
  "entryType" : "measure",
  "platform" : 0,
  "command" : null,
  "testName" : null,
  "hookType" : ""
}, {
  "duration" : 0.008582999929785728,
  "eventName" : "sdk:post-test",
  "startTime" : 1.6644302006542E7,
  "success" : true,
  "worker" : 1,
  "failure" : null,
  "details" : null,
  "entryType" : "measure",
  "platform" : 0,
  "command" : null,
  "testName" : null,
  "hookType" : ""
}, {
  "duration" : 0.04983399994671345,
  "eventName" : "sdk:pre-test",
  "startTime" : 1.6701722073375E7,
  "success" : true,
  "worker" : 1,
  "failure" : null,
  "details" : null,
  "entryType" : "measure",
  "platform" : 0,
  "command" : null,
  "testName" : null,
  "hookType" : ""
}, {
  "duration" : 0.025583000853657722,
  "eventName" : "sdk:post-test",
  "startTime" : 1.6729306483334E7,
  "success" : true,
  "worker" : 1,
  "failure" : null,
  "details" : null,
  "entryType" : "measure",
  "platform" : 0,
  "command" : null,
  "testName" : null,
  "hookType" : ""
}, {
  "duration" : 0.43504200130701065,
  "eventName" : "sdk:pre-test",
  "startTime" : 1.683193549625E7,
  "success" : true,
  "worker" : 1,
  "failure" : null,
  "details" : null,
  "entryType" : "measure",
  "platform" : 0,
  "command" : null,
  "testName" : null,
  "hookType" : ""
}, {
  "duration" : 0.006709001958370209,
  "eventName" : "sdk:post-test",
  "startTime" : 1.685957308225E7,
  "success" : true,
  "worker" : 1,
  "failure" : null,
  "details" : null,
  "entryType" : "measure",
  "platform" : 0,
  "command" : null,
  "testName" : null,
  "hookType" : ""
}, {
  "duration" : 0.048624999821186066,
  "eventName" : "sdk:pre-test",
  "startTime" : 1.7011017236167E7,
  "success" : true,
  "worker" : 1,
  "failure" : null,
  "details" : null,
  "entryType" : "measure",
  "platform" : 0,
  "command" : null,
  "testName" : null,
  "hookType" : ""
}, {
  "duration" : 0.011459000408649445,
  "eventName" : "sdk:post-test",
  "startTime" : 1.708292411E7,
  "success" : true,
  "worker" : 1,
  "failure" : null,
  "details" : null,
  "entryType" : "measure",
  "platform" : 0,
  "command" : null,
  "testName" : null,
  "hookType" : ""
}, {
  "duration" : 0.04716699942946434,
  "eventName" : "sdk:pre-test",
  "startTime" : 1.8148534351292E7,
  "success" : true,
  "worker" : 1,
  "failure" : null,
  "details" : null,
  "entryType" : "measure",
  "platform" : 0,
  "command" : null,
  "testName" : null,
  "hookType" : ""
}, {
  "duration" : 0.011541999876499176,
  "eventName" : "sdk:post-test",
  "startTime" : 1.8234072135E7,
  "success" : true,
  "worker" : 1,
  "failure" : null,
  "details" : null,
  "entryType" : "measure",
  "platform" : 0,
  "command" : null,
  "testName" : null,
  "hookType" : ""
}, {
  "duration" : 0.05350000038743019,
  "eventName" : "sdk:pre-test",
  "startTime" : 1.8602292041042E7,
  "success" : true,
  "worker" : 1,
  "failure" : null,
  "details" : null,
  "entryType" : "measure",
  "platform" : 0,
  "command" : null,
  "testName" : null,
  "hookType" : ""
}, {
  "duration" : 0.011750001460313797,
  "eventName" : "sdk:post-test",
  "startTime" : 1.86677410285E7,
  "success" : true,
  "worker" : 1,
  "failure" : null,
  "details" : null,
  "entryType" : "measure",
  "platform" : 0,
  "command" : null,
  "testName" : null,
  "hookType" : ""
}, {
  "duration" : 0.05666600167751312,
  "eventName" : "sdk:pre-test",
  "startTime" : 1.9728681812459E7,
  "success" : true,
  "worker" : 1,
  "failure" : null,
  "details" : null,
  "entryType" : "measure",
  "platform" : 0,
  "command" : null,
  "testName" : null,
  "hookType" : ""
}, {
  "duration" : 0.04258299991488457,
  "eventName" : "sdk:pre-test",
  "startTime" : 1.9773452477209E7,
  "success" : true,
  "worker" : 1,
  "failure" : null,
  "details" : null,
  "entryType" : "measure",
  "platform" : 0,
  "command" : null,
  "testName" : null,
  "hookType" : ""
}, {
  "duration" : 0.007500000298023224,
  "eventName" : "sdk:post-test",
  "startTime" : 1.9779639597167E7,
  "success" : true,
  "worker" : 1,
  "failure" : null,
  "details" : null,
  "entryType" : "measure",
  "platform" : 0,
  "command" : null,
  "testName" : null,
  "hookType" : ""
}, {
  "duration" : 0.05712499842047691,
  "eventName" : "sdk:pre-test",
  "startTime" : 1.9867952503042E7,
  "success" : true,
  "worker" : 1,
  "failure" : null,
  "details" : null,
  "entryType" : "measure",
  "platform" : 0,
  "command" : null,
  "testName" : null,
  "hookType" : ""
}, {
  "duration" : 0.005125001072883606,
  "eventName" : "sdk:post-test",
  "startTime" : 1.98901984065E7,
  "success" : true,
  "worker" : 1,
  "failure" : null,
  "details" : null,
  "entryType" : "measure",
  "platform" : 0,
  "command" : null,
  "testName" : null,
  "hookType" : ""
}, {
  "duration" : 0.3604170083999634,
  "eventName" : "sdk:pre-test",
  "startTime" : 1.79176206722291E8,
  "success" : true,
  "worker" : 1,
  "failure" : null,
  "details" : null,
  "entryType" : "measure",
  "platform" : 0,
  "command" : null,
  "testName" : null,
  "hookType" : ""
}, {
  "duration" : 0.008541017770767212,
  "eventName" : "sdk:post-test",
  "startTime" : 1.795656345285E8,
  "success" : true,
  "worker" : 1,
  "failure" : null,
  "details" : null,
  "entryType" : "measure",
  "platform" : 0,
  "command" : null,
  "testName" : null,
  "hookType" : ""
}, {
  "duration" : 0.07191601395606995,
  "eventName" : "sdk:pre-test",
  "startTime" : 1.83823965866166E8,
  "success" : true,
  "worker" : 1,
  "failure" : null,
  "details" : null,
  "entryType" : "measure",
  "platform" : 0,
  "command" : null,
  "testName" : null,
  "hookType" : ""
}, {
  "duration" : 0.0550839900970459,
  "eventName" : "sdk:post-test",
  "startTime" : 1.83836758320957E8,
  "success" : true,
  "worker" : 1,
  "failure" : null,
  "details" : null,
  "entryType" : "measure",
  "platform" : 0,
  "command" : null,
  "testName" : null,
  "hookType" : ""
}, {
  "duration" : 0.05820801854133606,
  "eventName" : "sdk:pre-test",
  "startTime" : 1.83975222414874E8,
  "success" : true,
  "worker" : 1,
  "failure" : null,
  "details" : null,
  "entryType" : "measure",
  "platform" : 0,
  "command" : null,
  "testName" : null,
  "hookType" : ""
}, {
  "duration" : 0.058959007263183594,
  "eventName" : "sdk:pre-test",
  "startTime" : 1.84392462005707E8,
  "success" : true,
  "worker" : 1,
  "failure" : null,
  "details" : null,
  "entryType" : "measure",
  "platform" : 0,
  "command" : null,
  "testName" : null,
  "hookType" : ""
}, {
  "duration" : 0.04758399724960327,
  "eventName" : "sdk:pre-test",
  "startTime" : 1.84439107795582E8,
  "success" : true,
  "worker" : 1,
  "failure" : null,
  "details" : null,
  "entryType" : "measure",
  "platform" : 0,
  "command" : null,
  "testName" : null,
  "hookType" : ""
}, {
  "duration" : 0.06045800447463989,
  "eventName" : "sdk:pre-test",
  "startTime" : 1.84607479998541E8,
  "success" : true,
  "worker" : 1,
  "failure" : null,
  "details" : null,
  "entryType" : "measure",
  "platform" : 0,
  "command" : null,
  "testName" : null,
  "hookType" : ""
}, {
  "duration" : 0.030750006437301636,
  "eventName" : "sdk:post-test",
  "startTime" : 1.84620930610457E8,
  "success" : true,
  "worker" : 1,
  "failure" : null,
  "details" : null,
  "entryType" : "measure",
  "platform" : 0,
  "command" : null,
  "testName" : null,
  "hookType" : ""
}, {
  "duration" : 0.06816598773002625,
  "eventName" : "sdk:pre-test",
  "startTime" : 1.84977495895541E8,
  "success" : true,
  "worker" : 1,
  "failure" : null,
  "details" : null,
  "entryType" : "measure",
  "platform" : 0,
  "command" : null,
  "testName" : null,
  "hookType" : ""
}, {
  "duration" : 0.04791700839996338,
  "eventName" : "sdk:pre-test",
  "startTime" : 1.85378958928332E8,
  "success" : true,
  "worker" : 1,
  "failure" : null,
  "details" : null,
  "entryType" : "measure",
  "platform" : 0,
  "command" : null,
  "testName" : null,
  "hookType" : ""
}, {
  "duration" : 0.06320801377296448,
  "eventName" : "sdk:pre-test",
  "startTime" : 1.85428506129416E8,
  "success" : true,
  "worker" : 1,
  "failure" : null,
  "details" : null,
  "entryType" : "measure",
  "platform" : 0,
  "command" : null,
  "testName" : null,
  "hookType" : ""
}, {
  "duration" : 0.05658400058746338,
  "eventName" : "sdk:pre-test",
  "startTime" : 1.85828815410457E8,
  "success" : true,
  "worker" : 1,
  "failure" : null,
  "details" : null,
  "entryType" : "measure",
  "platform" : 0,
  "command" : null,
  "testName" : null,
  "hookType" : ""
}, {
  "duration" : 0.01095801591873169,
  "eventName" : "sdk:post-test",
  "startTime" : 1.85830055008916E8,
  "success" : true,
  "worker" : 1,
  "failure" : null,
  "details" : null,
  "entryType" : "measure",
  "platform" : 0,
  "command" : null,
  "testName" : null,
  "hookType" : ""
}, {
  "duration" : 0.06274998188018799,
  "eventName" : "sdk:pre-test",
  "startTime" : 1.85874002216374E8,
  "success" : true,
  "worker" : 1,
  "failure" : null,
  "details" : null,
  "entryType" : "measure",
  "platform" : 0,
  "command" : null,
  "testName" : null,
  "hookType" : ""
}, {
  "duration" : 0.06541600823402405,
  "eventName" : "sdk:pre-test",
  "startTime" : 1.85994616415916E8,
  "success" : true,
  "worker" : 1,
  "failure" : null,
  "details" : null,
  "entryType" : "measure",
  "platform" : 0,
  "command" : null,
  "testName" : null,
  "hookType" : ""
}, {
  "duration" : 0.07275000214576721,
  "eventName" : "sdk:pre-test",
  "startTime" : 1.86086609158416E8,
  "success" : true,
  "worker" : 1,
  "failure" : null,
  "details" : null,
  "entryType" : "measure",
  "platform" : 0,
  "command" : null,
  "testName" : null,
  "hookType" : ""
}, {
  "duration" : 0.05375000834465027,
  "eventName" : "sdk:pre-test",
  "startTime" : 1.86247061049499E8,
  "success" : true,
  "worker" : 1,
  "failure" : null,
  "details" : null,
  "entryType" : "measure",
  "platform" : 0,
  "command" : null,
  "testName" : null,
  "hookType" : ""
}, {
  "duration" : 0.05349999666213989,
  "eventName" : "sdk:pre-test",
  "startTime" : 1.86313295020374E8,
  "success" : true,
  "worker" : 1,
  "failure" : null,
  "details" : null,
  "entryType" : "measure",
  "platform" : 0,
  "command" : null,
  "testName" : null,
  "hookType" : ""
}, {
  "duration" : 0.05362498760223389,
  "eventName" : "sdk:pre-test",
  "startTime" : 1.86358135093041E8,
  "success" : true,
  "worker" : 1,
  "failure" : null,
  "details" : null,
  "entryType" : "measure",
  "platform" : 0,
  "command" : null,
  "testName" : null,
  "hookType" : ""
}, {
  "duration" : 0.048416972160339355,
  "eventName" : "sdk:pre-test",
  "startTime" : 1.86419927682999E8,
  "success" : true,
  "worker" : 1,
  "failure" : null,
  "details" : null,
  "entryType" : "measure",
  "platform" : 0,
  "command" : null,
  "testName" : null,
  "hookType" : ""
}, {
  "duration" : 0.06000000238418579,
  "eventName" : "sdk:pre-test",
  "startTime" : 1.86471429081832E8,
  "success" : true,
  "worker" : 1,
  "failure" : null,
  "details" : null,
  "entryType" : "measure",
  "platform" : 0,
  "command" : null,
  "testName" : null,
  "hookType" : ""
}, {
  "duration" : 0.05449998378753662,
  "eventName" : "sdk:pre-test",
  "startTime" : 1.86952342823624E8,
  "success" : true,
  "worker" : 1,
  "failure" : null,
  "details" : null,
  "entryType" : "measure",
  "platform" : 0,
  "command" : null,
  "testName" : null,
  "hookType" : ""
}, {
  "duration" : 0.07491698861122131,
  "eventName" : "sdk:pre-test",
  "startTime" : 1.87430056651957E8,
  "success" : true,
  "worker" : 1,
  "failure" : null,
  "details" : null,
  "entryType" : "measure",
  "platform" : 0,
  "command" : null,
  "testName" : null,
  "hookType" : ""
}, {
  "duration" : 0.05304098129272461,
  "eventName" : "sdk:pre-test",
  "startTime" : 1.87868047226541E8,
  "success" : true,
  "worker" : 1,
  "failure" : null,
  "details" : null,
  "entryType" : "measure",
  "platform" : 0,
  "command" : null,
  "testName" : null,
  "hookType" : ""
}, {
  "duration" : 0.07345801591873169,
  "eventName" : "sdk:pre-test",
  "startTime" : 1.88001865556624E8,
  "success" : true,
  "worker" : 1,
  "failure" : null,
  "details" : null,
  "entryType" : "measure",
  "platform" : 0,
  "command" : null,
  "testName" : null,
  "hookType" : ""
}, {
  "duration" : 0.05450001358985901,
  "eventName" : "sdk:pre-test",
  "startTime" : 1.88336749735582E8,
  "success" : true,
  "worker" : 1,
  "failure" : null,
  "details" : null,
  "entryType" : "measure",
  "platform" : 0,
  "command" : null,
  "testName" : null,
  "hookType" : ""
}, {
  "duration" : 0.05566704273223877,
  "eventName" : "sdk:pre-test",
  "startTime" : 5.86116690796499E8,
  "success" : true,
  "worker" : 1,
  "failure" : null,
  "details" : null,
  "entryType" : "measure",
  "platform" : 0,
  "command" : null,
  "testName" : null,
  "hookType" : ""
}, {
  "duration" : 0.07074999809265137,
  "eventName" : "sdk:post-test",
  "startTime" : 5.86162265061624E8,
  "success" : true,
  "worker" : 1,
  "failure" : null,
  "details" : null,
  "entryType" : "measure",
  "platform" : 0,
  "command" : null,
  "testName" : null,
  "hookType" : ""
}, {
  "duration" : 0.05866599082946777,
  "eventName" : "sdk:pre-test",
  "startTime" : 5.90576146622291E8,
  "success" : true,
  "worker" : 1,
  "failure" : null,
  "details" : null,
  "entryType" : "measure",
  "platform" : 0,
  "command" : null,
  "testName" : null,
  "hookType" : ""
}, {
  "duration" : 0.023458003997802734,
  "eventName" : "sdk:post-test",
  "startTime" : 5.90657516009374E8,
  "success" : true,
  "worker" : 1,
  "failure" : null,
  "details" : null,
  "entryType" : "measure",
  "platform" : 0,
  "command" : null,
  "testName" : null,
  "hookType" : ""
}, {
  "duration" : 0.061750054359436035,
  "eventName" : "sdk:pre-test",
  "startTime" : 5.90923948135791E8,
  "success" : true,
  "worker" : 1,
  "failure" : null,
  "details" : null,
  "entryType" : "measure",
  "platform" : 0,
  "command" : null,
  "testName" : null,
  "hookType" : ""
}, {
  "duration" : 0.04075002670288086,
  "eventName" : "sdk:post-test",
  "startTime" : 5.90969487629374E8,
  "success" : true,
  "worker" : 1,
  "failure" : null,
  "details" : null,
  "entryType" : "measure",
  "platform" : 0,
  "command" : null,
  "testName" : null,
  "hookType" : ""
}, {
  "duration" : 0.04870808124542236,
  "eventName" : "sdk:pre-test",
  "startTime" : 5.91002424741416E8,
  "success" : true,
  "worker" : 1,
  "failure" : null,
  "details" : null,
  "entryType" : "measure",
  "platform" : 0,
  "command" : null,
  "testName" : null,
  "hookType" : ""
}, {
  "duration" : 0.017542004585266113,
  "eventName" : "sdk:post-test",
  "startTime" : 5.91047169900707E8,
  "success" : true,
  "worker" : 1,
  "failure" : null,
  "details" : null,
  "entryType" : "measure",
  "platform" : 0,
  "command" : null,
  "testName" : null,
  "hookType" : ""
}, {
  "duration" : 0.09254193305969238,
  "eventName" : "sdk:pre-test",
  "startTime" : 5.91128992371124E8,
  "success" : true,
  "worker" : 1,
  "failure" : null,
  "details" : null,
  "entryType" : "measure",
  "platform" : 0,
  "command" : null,
  "testName" : null,
  "hookType" : ""
}, {
  "duration" : 0.03704202175140381,
  "eventName" : "sdk:post-test",
  "startTime" : 5.91168934291332E8,
  "success" : true,
  "worker" : 1,
  "failure" : null,
  "details" : null,
  "entryType" : "measure",
  "platform" : 0,
  "command" : null,
  "testName" : null,
  "hookType" : ""
}, {
  "duration" : 0.05354106426239014,
  "eventName" : "sdk:pre-test",
  "startTime" : 5.91435887351291E8,
  "success" : true,
  "worker" : 1,
  "failure" : null,
  "details" : null,
  "entryType" : "measure",
  "platform" : 0,
  "command" : null,
  "testName" : null,
  "hookType" : ""
}, {
  "duration" : 0.015625,
  "eventName" : "sdk:post-test",
  "startTime" : 5.91481710535999E8,
  "success" : true,
  "worker" : 1,
  "failure" : null,
  "details" : null,
  "entryType" : "measure",
  "platform" : 0,
  "command" : null,
  "testName" : null,
  "hookType" : ""
}, {
  "duration" : 0.06333303451538086,
  "eventName" : "sdk:pre-test",
  "startTime" : 5.91686402486249E8,
  "success" : true,
  "worker" : 1,
  "failure" : null,
  "details" : null,
  "entryType" : "measure",
  "platform" : 0,
  "command" : null,
  "testName" : null,
  "hookType" : ""
}, {
  "duration" : 0.01979196071624756,
  "eventName" : "sdk:post-test",
  "startTime" : 5.91767850130249E8,
  "success" : true,
  "worker" : 1,
  "failure" : null,
  "details" : null,
  "entryType" : "measure",
  "platform" : 0,
  "command" : null,
  "testName" : null,
  "hookType" : ""
}, {
  "duration" : 0.05029189586639404,
  "eventName" : "sdk:pre-test",
  "startTime" : 5.93627455397999E8,
  "success" : true,
  "worker" : 1,
  "failure" : null,
  "details" : null,
  "entryType" : "measure",
  "platform" : 0,
  "command" : null,
  "testName" : null,
  "hookType" : ""
}, {
  "duration" : 0.006582975387573242,
  "eventName" : "sdk:post-test",
  "startTime" : 5.93669362262916E8,
  "success" : true,
  "worker" : 1,
  "failure" : null,
  "details" : null,
  "entryType" : "measure",
  "platform" : 0,
  "command" : null,
  "testName" : null,
  "hookType" : ""
}, {
  "duration" : 0.13962507247924805,
  "eventName" : "sdk:pre-test",
  "startTime" : 5.93992053696291E8,
  "success" : true,
  "worker" : 1,
  "failure" : null,
  "details" : null,
  "entryType" : "measure",
  "platform" : 0,
  "command" : null,
  "testName" : null,
  "hookType" : ""
}, {
  "duration" : 0.018915891647338867,
  "eventName" : "sdk:post-test",
  "startTime" : 5.94034857215666E8,
  "success" : true,
  "worker" : 1,
  "failure" : null,
  "details" : null,
  "entryType" : "measure",
  "platform" : 0,
  "command" : null,
  "testName" : null,
  "hookType" : ""
}, {
  "duration" : 0.05566596984863281,
  "eventName" : "sdk:pre-test",
  "startTime" : 5.94076429386916E8,
  "success" : true,
  "worker" : 1,
  "failure" : null,
  "details" : null,
  "entryType" : "measure",
  "platform" : 0,
  "command" : null,
  "testName" : null,
  "hookType" : ""
}, {
  "duration" : 0.01758396625518799,
  "eventName" : "sdk:post-test",
  "startTime" : 5.94170371590957E8,
  "success" : true,
  "worker" : 1,
  "failure" : null,
  "details" : null,
  "entryType" : "measure",
  "platform" : 0,
  "command" : null,
  "testName" : null,
  "hookType" : ""
}, {
  "duration" : 0.05583298206329346,
  "eventName" : "sdk:pre-test",
  "startTime" : 5.94397470099374E8,
  "success" : true,
  "worker" : 1,
  "failure" : null,
  "details" : null,
  "entryType" : "measure",
  "platform" : 0,
  "command" : null,
  "testName" : null,
  "hookType" : ""
}, {
  "duration" : 0.030499935150146484,
  "eventName" : "sdk:post-test",
  "startTime" : 5.94483281006582E8,
  "success" : true,
  "worker" : 1,
  "failure" : null,
  "details" : null,
  "entryType" : "measure",
  "platform" : 0,
  "command" : null,
  "testName" : null,
  "hookType" : ""
} ]